material,quantidade,estoque mínimo,categoria,corredor,armário,prateleira,observação
Produto 1,101,10,Cat1,A1,01,01,Item de teste 1
Produto 2,102,10,Cat2,A2,02,02,Item de teste 2
Produto 3,103,10,Cat3,A3,03,03,Item de teste 3
Produto 4,104,10,Cat4,A4,04,04,Item de teste 4
Produto 5,105,10,Cat5,A0,05,05,Item de teste 5
Produto 6,106,10,Cat6,A1,06,06,Item de teste 6
Produto 7,107,10,Cat7,A2,07,07,Item de teste 7
Produto 8,108,10,Cat8,A3,08,08,Item de teste 8
Produto 9,109,10,Cat9,A4,09,09,Item de teste 9
Produto 10,110,10,Cat0,A0,10,00,Item de teste 10
Produto 11,111,10,Cat1,A1,11,01,Item de teste 11
Produto 12,112,10,Cat2,A2,12,02,Item de teste 12
Produto 13,113,10,Cat3,A3,13,03,Item de teste 13
Produto 14,114,10,Cat4,A4,14,04,Item de teste 14
Produto 15,115,10,Cat5,A0,15,05,Item de teste 15
Produto 16,116,10,Cat6,A1,16,06,Item de teste 16
Produto 17,117,10,Cat7,A2,17,07,Item de teste 17
Produto 18,118,10,Cat8,A3,18,08,Item de teste 18
Produto 19,119,10,Cat9,A4,19,09,Item de teste 19
Produto 20,120,10,Cat0,A0,00,00,Item de teste 20
Produto 21,121,10,Cat1,A1,01,01,Item de teste 21
Produto 22,122,10,Cat2,A2,02,02,Item de teste 22
Produto 23,123,10,Cat3,A3,03,03,Item de teste 23
Produto 24,124,10,Cat4,A4,04,04,Item de teste 24
Produto 25,125,10,Cat5,A0,05,05,Item de teste 25
Produto 26,126,10,Cat6,A1,06,06,Item de teste 26
Produto 27,127,10,Cat7,A2,07,07,Item de teste 27
Produto 28,128,10,Cat8,A3,08,08,Item de teste 28
Produto 29,129,10,Cat9,A4,09,09,Item de teste 29
Produto 30,130,10,Cat0,A0,10,00,Item de teste 30
Produto 31,131,10,Cat1,A1,11,01,Item de teste 31
Produto 32,132,10,Cat2,A2,12,02,Item de teste 32
Produto 33,133,10,Cat3,A3,13,03,Item de teste 33
Produto 34,134,10,Cat4,A4,14,04,Item de teste 34
Produto 35,135,10,Cat5,A0,15,05,Item de teste 35
Produto 36,136,10,Cat6,A1,16,06,Item de teste 36
Produto 37,137,10,Cat7,A2,17,07,Item de teste 37
Produto 38,138,10,Cat8,A3,18,08,Item de teste 38
Produto 39,139,10,Cat9,A4,19,09,Item de teste 39
Produto 40,140,10,Cat0,A0,00,00,Item de teste 40
Produto 41,141,10,Cat1,A1,01,01,Item de teste 41
Produto 42,142,10,Cat2,A2,02,02,Item de teste 42
Produto 43,143,10,Cat3,A3,03,03,Item de teste 43
Produto 44,144,10,Cat4,A4,04,04,Item de teste 44
Produto 45,145,10,Cat5,A0,05,05,Item de teste 45
Produto 46,146,10,Cat6,A1,06,06,Item de teste 46
Produto 47,147,10,Cat7,A2,07,07,Item de teste 47
Produto 48,148,10,Cat8,A3,08,08,Item de teste 48
Produto 49,149,10,Cat9,A4,09,09,Item de teste 49
Produto 50,150,10,Cat0,A0,10,00,Item de teste 50
Produto 51,151,10,Cat1,A1,11,01,Item de teste 51
Produto 52,152,10,Cat2,A2,12,02,Item de teste 52
Produto 53,153,10,Cat3,A3,13,03,Item de teste 53
Produto 54,154,10,Cat4,A4,14,04,Item de teste 54
Produto 55,155,10,Cat5,A0,15,05,Item de teste 55
Produto 56,156,10,Cat6,A1,16,06,Item de teste 56
Produto 57,157,10,Cat7,A2,17,07,Item de teste 57
Produto 58,158,10,Cat8,A3,18,08,Item de teste 58
Produto 59,159,10,Cat9,A4,19,09,Item de teste 59
Produto 60,160,10,Cat0,A0,00,00,Item de teste 60
Produto 61,161,10,Cat1,A1,01,01,Item de teste 61
Produto 62,162,10,Cat2,A2,02,02,Item de teste 62
Produto 63,163,10,Cat3,A3,03,03,Item de teste 63
Produto 64,164,10,Cat4,A4,04,04,Item de teste 64
Produto 65,165,10,Cat5,A0,05,05,Item de teste 65
Produto 66,166,10,Cat6,A1,06,06,Item de teste 66
Produto 67,167,10,Cat7,A2,07,07,Item de teste 67
Produto 68,168,10,Cat8,A3,08,08,Item de teste 68
Produto 69,169,10,Cat9,A4,09,09,Item de teste 69
Produto 70,170,10,Cat0,A0,10,00,Item de teste 70
Produto 71,171,10,Cat1,A1,11,01,Item de teste 71
Produto 72,172,10,Cat2,A2,12,02,Item de teste 72
Produto 73,173,10,Cat3,A3,13,03,Item de teste 73
Produto 74,174,10,Cat4,A4,14,04,Item de teste 74
Produto 75,175,10,Cat5,A0,15,05,Item de teste 75
Produto 76,176,10,Cat6,A1,16,06,Item de teste 76
Produto 77,177,10,Cat7,A2,17,07,Item de teste 77
Produto 78,178,10,Cat8,A3,18,08,Item de teste 78
Produto 79,179,10,Cat9,A4,19,09,Item de teste 79
Produto 80,180,10,Cat0,A0,00,00,Item de teste 80
Produto 81,181,10,Cat1,A1,01,01,Item de teste 81
Produto 82,182,10,Cat2,A2,02,02,Item de teste 82
Produto 83,183,10,Cat3,A3,03,03,Item de teste 83
Produto 84,184,10,Cat4,A4,04,04,Item de teste 84
Produto 85,185,10,Cat5,A0,05,05,Item de teste 85
Produto 86,186,10,Cat6,A1,06,06,Item de teste 86
Produto 87,187,10,Cat7,A2,07,07,Item de teste 87
Produto 88,188,10,Cat8,A3,08,08,Item de teste 88
Produto 89,189,10,Cat9,A4,09,09,Item de teste 89
Produto 90,190,10,Cat0,A0,10,00,Item de teste 90
Produto 91,191,10,Cat1,A1,11,01,Item de teste 91
Produto 92,192,10,Cat2,A2,12,02,Item de teste 92
Produto 93,193,10,Cat3,A3,13,03,Item de teste 93
Produto 94,194,10,Cat4,A4,14,04,Item de teste 94
Produto 95,195,10,Cat5,A0,15,05,Item de teste 95
Produto 96,196,10,Cat6,A1,16,06,Item de teste 96
Produto 97,197,10,Cat7,A2,17,07,Item de teste 97
Produto 98,198,10,Cat8,A3,18,08,Item de teste 98
Produto 99,199,10,Cat9,A4,19,09,Item de teste 99
Produto 100,200,10,Cat0,A0,00,00,Item de teste 100
Produto 101,201,10,Cat1,A1,01,01,Item de teste 101
Produto 102,202,10,Cat2,A2,02,02,Item de teste 102
Produto 103,203,10,Cat3,A3,03,03,Item de teste 103
Produto 104,204,10,Cat4,A4,04,04,Item de teste 104
Produto 105,205,10,Cat5,A0,05,05,Item de teste 105
Produto 106,206,10,Cat6,A1,06,06,Item de teste 106
Produto 107,207,10,Cat7,A2,07,07,Item de teste 107
Produto 108,208,10,Cat8,A3,08,08,Item de teste 108
Produto 109,209,10,Cat9,A4,09,09,Item de teste 109
Produto 110,210,10,Cat0,A0,10,00,Item de teste 110
Produto 111,211,10,Cat1,A1,11,01,Item de teste 111
Produto 112,212,10,Cat2,A2,12,02,Item de teste 112
Produto 113,213,10,Cat3,A3,13,03,Item de teste 113
Produto 114,214,10,Cat4,A4,14,04,Item de teste 114
Produto 115,215,10,Cat5,A0,15,05,Item de teste 115
Produto 116,216,10,Cat6,A1,16,06,Item de teste 116
Produto 117,217,10,Cat7,A2,17,07,Item de teste 117
Produto 118,218,10,Cat8,A3,18,08,Item de teste 118
Produto 119,219,10,Cat9,A4,19,09,Item de teste 119
Produto 120,220,10,Cat0,A0,00,00,Item de teste 120
Produto 121,221,10,Cat1,A1,01,01,Item de teste 121
Produto 122,222,10,Cat2,A2,02,02,Item de teste 122
Produto 123,223,10,Cat3,A3,03,03,Item de teste 123
Produto 124,224,10,Cat4,A4,04,04,Item de teste 124
Produto 125,225,10,Cat5,A0,05,05,Item de teste 125
Produto 126,226,10,Cat6,A1,06,06,Item de teste 126
Produto 127,227,10,Cat7,A2,07,07,Item de teste 127
Produto 128,228,10,Cat8,A3,08,08,Item de teste 128
Produto 129,229,10,Cat9,A4,09,09,Item de teste 129
Produto 130,230,10,Cat0,A0,10,00,Item de teste 130
Produto 131,231,10,Cat1,A1,11,01,Item de teste 131
Produto 132,232,10,Cat2,A2,12,02,Item de teste 132
Produto 133,233,10,Cat3,A3,13,03,Item de teste 133
Produto 134,234,10,Cat4,A4,14,04,Item de teste 134
Produto 135,235,10,Cat5,A0,15,05,Item de teste 135
Produto 136,236,10,Cat6,A1,16,06,Item de teste 136
Produto 137,237,10,Cat7,A2,17,07,Item de teste 137
Produto 138,238,10,Cat8,A3,18,08,Item de teste 138
Produto 139,239,10,Cat9,A4,19,09,Item de teste 139
Produto 140,240,10,Cat0,A0,00,00,Item de teste 140
Produto 141,241,10,Cat1,A1,01,01,Item de teste 141
Produto 142,242,10,Cat2,A2,02,02,Item de teste 142
Produto 143,243,10,Cat3,A3,03,03,Item de teste 143
Produto 144,244,10,Cat4,A4,04,04,Item de teste 144
Produto 145,245,10,Cat5,A0,05,05,Item de teste 145
Produto 146,246,10,Cat6,A1,06,06,Item de teste 146
Produto 147,247,10,Cat7,A2,07,07,Item de teste 147
Produto 148,248,10,Cat8,A3,08,08,Item de teste 148
Produto 149,249,10,Cat9,A4,09,09,Item de teste 149
Produto 150,250,10,Cat0,A0,10,00,Item de teste 150
Produto 151,251,10,Cat1,A1,11,01,Item de teste 151
Produto 152,252,10,Cat2,A2,12,02,Item de teste 152
Produto 153,253,10,Cat3,A3,13,03,Item de teste 153
Produto 154,254,10,Cat4,A4,14,04,Item de teste 154
Produto 155,255,10,Cat5,A0,15,05,Item de teste 155
Produto 156,256,10,Cat6,A1,16,06,Item de teste 156
Produto 157,257,10,Cat7,A2,17,07,Item de teste 157
Produto 158,258,10,Cat8,A3,18,08,Item de teste 158
Produto 159,259,10,Cat9,A4,19,09,Item de teste 159
Produto 160,260,10,Cat0,A0,00,00,Item de teste 160
Produto 161,261,10,Cat1,A1,01,01,Item de teste 161
Produto 162,262,10,Cat2,A2,02,02,Item de teste 162
Produto 163,263,10,Cat3,A3,03,03,Item de teste 163
Produto 164,264,10,Cat4,A4,04,04,Item de teste 164
Produto 165,265,10,Cat5,A0,05,05,Item de teste 165
Produto 166,266,10,Cat6,A1,06,06,Item de teste 166
Produto 167,267,10,Cat7,A2,07,07,Item de teste 167
Produto 168,268,10,Cat8,A3,08,08,Item de teste 168
Produto 169,269,10,Cat9,A4,09,09,Item de teste 169
Produto 170,270,10,Cat0,A0,10,00,Item de teste 170
Produto 171,271,10,Cat1,A1,11,01,Item de teste 171
Produto 172,272,10,Cat2,A2,12,02,Item de teste 172
Produto 173,273,10,Cat3,A3,13,03,Item de teste 173
Produto 174,274,10,Cat4,A4,14,04,Item de teste 174
Produto 175,275,10,Cat5,A0,15,05,Item de teste 175
Produto 176,276,10,Cat6,A1,16,06,Item de teste 176
Produto 177,277,10,Cat7,A2,17,07,Item de teste 177
Produto 178,278,10,Cat8,A3,18,08,Item de teste 178
Produto 179,279,10,Cat9,A4,19,09,Item de teste 179
Produto 180,280,10,Cat0,A0,00,00,Item de teste 180
Produto 181,281,10,Cat1,A1,01,01,Item de teste 181
Produto 182,282,10,Cat2,A2,02,02,Item de teste 182
Produto 183,283,10,Cat3,A3,03,03,Item de teste 183
Produto 184,284,10,Cat4,A4,04,04,Item de teste 184
Produto 185,285,10,Cat5,A0,05,05,Item de teste 185
Produto 186,286,10,Cat6,A1,06,06,Item de teste 186
Produto 187,287,10,Cat7,A2,07,07,Item de teste 187
Produto 188,288,10,Cat8,A3,08,08,Item de teste 188
Produto 189,289,10,Cat9,A4,09,09,Item de teste 189
Produto 190,290,10,Cat0,A0,10,00,Item de teste 190
Produto 191,291,10,Cat1,A1,11,01,Item de teste 191
Produto 192,292,10,Cat2,A2,12,02,Item de teste 192
Produto 193,293,10,Cat3,A3,13,03,Item de teste 193
Produto 194,294,10,Cat4,A4,14,04,Item de teste 194
Produto 195,295,10,Cat5,A0,15,05,Item de teste 195
Produto 196,296,10,Cat6,A1,16,06,Item de teste 196
Produto 197,297,10,Cat7,A2,17,07,Item de teste 197
Produto 198,298,10,Cat8,A3,18,08,Item de teste 198
Produto 199,299,10,Cat9,A4,19,09,Item de teste 199
Produto 200,300,10,Cat0,A0,00,00,Item de teste 200
Produto 201,301,10,Cat1,A1,01,01,Item de teste 201
Produto 202,302,10,Cat2,A2,02,02,Item de teste 202
Produto 203,303,10,Cat3,A3,03,03,Item de teste 203
Produto 204,304,10,Cat4,A4,04,04,Item de teste 204
Produto 205,305,10,Cat5,A0,05,05,Item de teste 205
Produto 206,306,10,Cat6,A1,06,06,Item de teste 206
Produto 207,307,10,Cat7,A2,07,07,Item de teste 207
Produto 208,308,10,Cat8,A3,08,08,Item de teste 208
Produto 209,309,10,Cat9,A4,09,09,Item de teste 209
Produto 210,310,10,Cat0,A0,10,00,Item de teste 210
Produto 211,311,10,Cat1,A1,11,01,Item de teste 211
Produto 212,312,10,Cat2,A2,12,02,Item de teste 212
Produto 213,313,10,Cat3,A3,13,03,Item de teste 213
Produto 214,314,10,Cat4,A4,14,04,Item de teste 214
Produto 215,315,10,Cat5,A0,15,05,Item de teste 215
Produto 216,316,10,Cat6,A1,16,06,Item de teste 216
Produto 217,317,10,Cat7,A2,17,07,Item de teste 217
Produto 218,318,10,Cat8,A3,18,08,Item de teste 218
Produto 219,319,10,Cat9,A4,19,09,Item de teste 219
Produto 220,320,10,Cat0,A0,00,00,Item de teste 220
Produto 221,321,10,Cat1,A1,01,01,Item de teste 221
Produto 222,322,10,Cat2,A2,02,02,Item de teste 222
Produto 223,323,10,Cat3,A3,03,03,Item de teste 223
Produto 224,324,10,Cat4,A4,04,04,Item de teste 224
Produto 225,325,10,Cat5,A0,05,05,Item de teste 225
Produto 226,326,10,Cat6,A1,06,06,Item de teste 226
Produto 227,327,10,Cat7,A2,07,07,Item de teste 227
Produto 228,328,10,Cat8,A3,08,08,Item de teste 228
Produto 229,329,10,Cat9,A4,09,09,Item de teste 229
Produto 230,330,10,Cat0,A0,10,00,Item de teste 230
Produto 231,331,10,Cat1,A1,11,01,Item de teste 231
Produto 232,332,10,Cat2,A2,12,02,Item de teste 232
Produto 233,333,10,Cat3,A3,13,03,Item de teste 233
Produto 234,334,10,Cat4,A4,14,04,Item de teste 234
Produto 235,335,10,Cat5,A0,15,05,Item de teste 235
Produto 236,336,10,Cat6,A1,16,06,Item de teste 236
Produto 237,337,10,Cat7,A2,17,07,Item de teste 237
Produto 238,338,10,Cat8,A3,18,08,Item de teste 238
Produto 239,339,10,Cat9,A4,19,09,Item de teste 239
Produto 240,340,10,Cat0,A0,00,00,Item de teste 240
Produto 241,341,10,Cat1,A1,01,01,Item de teste 241
Produto 242,342,10,Cat2,A2,02,02,Item de teste 242
Produto 243,343,10,Cat3,A3,03,03,Item de teste 243
Produto 244,344,10,Cat4,A4,04,04,Item de teste 244
Produto 245,345,10,Cat5,A0,05,05,Item de teste 245
Produto 246,346,10,Cat6,A1,06,06,Item de teste 246
Produto 247,347,10,Cat7,A2,07,07,Item de teste 247
Produto 248,348,10,Cat8,A3,08,08,Item de teste 248
Produto 249,349,10,Cat9,A4,09,09,Item de teste 249
Produto 250,350,10,Cat0,A0,10,00,Item de teste 250
Produto 251,351,10,Cat1,A1,11,01,Item de teste 251
Produto 252,352,10,Cat2,A2,12,02,Item de teste 252
Produto 253,353,10,Cat3,A3,13,03,Item de teste 253
Produto 254,354,10,Cat4,A4,14,04,Item de teste 254
Produto 255,355,10,Cat5,A0,15,05,Item de teste 255
Produto 256,356,10,Cat6,A1,16,06,Item de teste 256
Produto 257,357,10,Cat7,A2,17,07,Item de teste 257
Produto 258,358,10,Cat8,A3,18,08,Item de teste 258
Produto 259,359,10,Cat9,A4,19,09,Item de teste 259
Produto 260,360,10,Cat0,A0,00,00,Item de teste 260
Produto 261,361,10,Cat1,A1,01,01,Item de teste 261
Produto 262,362,10,Cat2,A2,02,02,Item de teste 262
Produto 263,363,10,Cat3,A3,03,03,Item de teste 263
Produto 264,364,10,Cat4,A4,04,04,Item de teste 264
Produto 265,365,10,Cat5,A0,05,05,Item de teste 265
Produto 266,366,10,Cat6,A1,06,06,Item de teste 266
Produto 267,367,10,Cat7,A2,07,07,Item de teste 267
Produto 268,368,10,Cat8,A3,08,08,Item de teste 268
Produto 269,369,10,Cat9,A4,09,09,Item de teste 269
Produto 270,370,10,Cat0,A0,10,00,Item de teste 270
Produto 271,371,10,Cat1,A1,11,01,Item de teste 271
Produto 272,372,10,Cat2,A2,12,02,Item de teste 272
Produto 273,373,10,Cat3,A3,13,03,Item de teste 273
Produto 274,374,10,Cat4,A4,14,04,Item de teste 274
Produto 275,375,10,Cat5,A0,15,05,Item de teste 275
Produto 276,376,10,Cat6,A1,16,06,Item de teste 276
Produto 277,377,10,Cat7,A2,17,07,Item de teste 277
Produto 278,378,10,Cat8,A3,18,08,Item de teste 278
Produto 279,379,10,Cat9,A4,19,09,Item de teste 279
Produto 280,380,10,Cat0,A0,00,00,Item de teste 280
Produto 281,381,10,Cat1,A1,01,01,Item de teste 281
Produto 282,382,10,Cat2,A2,02,02,Item de teste 282
Produto 283,383,10,Cat3,A3,03,03,Item de teste 283
Produto 284,384,10,Cat4,A4,04,04,Item de teste 284
Produto 285,385,10,Cat5,A0,05,05,Item de teste 285
Produto 286,386,10,Cat6,A1,06,06,Item de teste 286
Produto 287,387,10,Cat7,A2,07,07,Item de teste 287
Produto 288,388,10,Cat8,A3,08,08,Item de teste 288
Produto 289,389,10,Cat9,A4,09,09,Item de teste 289
Produto 290,390,10,Cat0,A0,10,00,Item de teste 290
Produto 291,391,10,Cat1,A1,11,01,Item de teste 291
Produto 292,392,10,Cat2,A2,12,02,Item de teste 292
Produto 293,393,10,Cat3,A3,13,03,Item de teste 293
Produto 294,394,10,Cat4,A4,14,04,Item de teste 294
Produto 295,395,10,Cat5,A0,15,05,Item de teste 295
Produto 296,396,10,Cat6,A1,16,06,Item de teste 296
Produto 297,397,10,Cat7,A2,17,07,Item de teste 297
Produto 298,398,10,Cat8,A3,18,08,Item de teste 298
Produto 299,399,10,Cat9,A4,19,09,Item de teste 299
Produto 300,400,10,Cat0,A0,00,00,Item de teste 300
Produto 301,401,10,Cat1,A1,01,01,Item de teste 301
Produto 302,402,10,Cat2,A2,02,02,Item de teste 302
Produto 303,403,10,Cat3,A3,03,03,Item de teste 303
Produto 304,404,10,Cat4,A4,04,04,Item de teste 304
Produto 305,405,10,Cat5,A0,05,05,Item de teste 305
Produto 306,406,10,Cat6,A1,06,06,Item de teste 306
Produto 307,407,10,Cat7,A2,07,07,Item de teste 307
Produto 308,408,10,Cat8,A3,08,08,Item de teste 308
Produto 309,409,10,Cat9,A4,09,09,Item de teste 309
Produto 310,410,10,Cat0,A0,10,00,Item de teste 310
Produto 311,411,10,Cat1,A1,11,01,Item de teste 311
Produto 312,412,10,Cat2,A2,12,02,Item de teste 312
Produto 313,413,10,Cat3,A3,13,03,Item de teste 313
Produto 314,414,10,Cat4,A4,14,04,Item de teste 314
Produto 315,415,10,Cat5,A0,15,05,Item de teste 315
Produto 316,416,10,Cat6,A1,16,06,Item de teste 316
Produto 317,417,10,Cat7,A2,17,07,Item de teste 317
Produto 318,418,10,Cat8,A3,18,08,Item de teste 318
Produto 319,419,10,Cat9,A4,19,09,Item de teste 319
Produto 320,420,10,Cat0,A0,00,00,Item de teste 320
Produto 321,421,10,Cat1,A1,01,01,Item de teste 321
Produto 322,422,10,Cat2,A2,02,02,Item de teste 322
Produto 323,423,10,Cat3,A3,03,03,Item de teste 323
Produto 324,424,10,Cat4,A4,04,04,Item de teste 324
Produto 325,425,10,Cat5,A0,05,05,Item de teste 325
Produto 326,426,10,Cat6,A1,06,06,Item de teste 326
Produto 327,427,10,Cat7,A2,07,07,Item de teste 327
Produto 328,428,10,Cat8,A3,08,08,Item de teste 328
Produto 329,429,10,Cat9,A4,09,09,Item de teste 329
Produto 330,430,10,Cat0,A0,10,00,Item de teste 330
Produto 331,431,10,Cat1,A1,11,01,Item de teste 331
Produto 332,432,10,Cat2,A2,12,02,Item de teste 332
Produto 333,433,10,Cat3,A3,13,03,Item de teste 333
Produto 334,434,10,Cat4,A4,14,04,Item de teste 334
Produto 335,435,10,Cat5,A0,15,05,Item de teste 335
Produto 336,436,10,Cat6,A1,16,06,Item de teste 336
Produto 337,437,10,Cat7,A2,17,07,Item de teste 337
Produto 338,438,10,Cat8,A3,18,08,Item de teste 338
Produto 339,439,10,Cat9,A4,19,09,Item de teste 339
Produto 340,440,10,Cat0,A0,00,00,Item de teste 340
Produto 341,441,10,Cat1,A1,01,01,Item de teste 341
Produto 342,442,10,Cat2,A2,02,02,Item de teste 342
Produto 343,443,10,Cat3,A3,03,03,Item de teste 343
Produto 344,444,10,Cat4,A4,04,04,Item de teste 344
Produto 345,445,10,Cat5,A0,05,05,Item de teste 345
Produto 346,446,10,Cat6,A1,06,06,Item de teste 346
Produto 347,447,10,Cat7,A2,07,07,Item de teste 347
Produto 348,448,10,Cat8,A3,08,08,Item de teste 348
Produto 349,449,10,Cat9,A4,09,09,Item de teste 349
Produto 350,450,10,Cat0,A0,10,00,Item de teste 350
Produto 351,451,10,Cat1,A1,11,01,Item de teste 351
Produto 352,452,10,Cat2,A2,12,02,Item de teste 352
Produto 353,453,10,Cat3,A3,13,03,Item de teste 353
Produto 354,454,10,Cat4,A4,14,04,Item de teste 354
Produto 355,455,10,Cat5,A0,15,05,Item de teste 355
Produto 356,456,10,Cat6,A1,16,06,Item de teste 356
Produto 357,457,10,Cat7,A2,17,07,Item de teste 357
Produto 358,458,10,Cat8,A3,18,08,Item de teste 358
Produto 359,459,10,Cat9,A4,19,09,Item de teste 359
Produto 360,460,10,Cat0,A0,00,00,Item de teste 360
Produto 361,461,10,Cat1,A1,01,01,Item de teste 361
Produto 362,462,10,Cat2,A2,02,02,Item de teste 362
Produto 363,463,10,Cat3,A3,03,03,Item de teste 363
Produto 364,464,10,Cat4,A4,04,04,Item de teste 364
Produto 365,465,10,Cat5,A0,05,05,Item de teste 365
Produto 366,466,10,Cat6,A1,06,06,Item de teste 366
Produto 367,467,10,Cat7,A2,07,07,Item de teste 367
Produto 368,468,10,Cat8,A3,08,08,Item de teste 368
Produto 369,469,10,Cat9,A4,09,09,Item de teste 369
Produto 370,470,10,Cat0,A0,10,00,Item de teste 370
Produto 371,471,10,Cat1,A1,11,01,Item de teste 371
Produto 372,472,10,Cat2,A2,12,02,Item de teste 372
Produto 373,473,10,Cat3,A3,13,03,Item de teste 373
Produto 374,474,10,Cat4,A4,14,04,Item de teste 374
Produto 375,475,10,Cat5,A0,15,05,Item de teste 375
Produto 376,476,10,Cat6,A1,16,06,Item de teste 376
Produto 377,477,10,Cat7,A2,17,07,Item de teste 377
Produto 378,478,10,Cat8,A3,18,08,Item de teste 378
Produto 379,479,10,Cat9,A4,19,09,Item de teste 379
Produto 380,480,10,Cat0,A0,00,00,Item de teste 380
Produto 381,481,10,Cat1,A1,01,01,Item de teste 381
Produto 382,482,10,Cat2,A2,02,02,Item de teste 382
Produto 383,483,10,Cat3,A3,03,03,Item de teste 383
Produto 384,484,10,Cat4,A4,04,04,Item de teste 384
Produto 385,485,10,Cat5,A0,05,05,Item de teste 385
Produto 386,486,10,Cat6,A1,06,06,Item de teste 386
Produto 387,487,10,Cat7,A2,07,07,Item de teste 387
Produto 388,488,10,Cat8,A3,08,08,Item de teste 388
Produto 389,489,10,Cat9,A4,09,09,Item de teste 389
Produto 390,490,10,Cat0,A0,10,00,Item de teste 390
Produto 391,491,10,Cat1,A1,11,01,Item de teste 391
Produto 392,492,10,Cat2,A2,12,02,Item de teste 392
Produto 393,493,10,Cat3,A3,13,03,Item de teste 393
Produto 394,494,10,Cat4,A4,14,04,Item de teste 394
Produto 395,495,10,Cat5,A0,15,05,Item de teste 395
Produto 396,496,10,Cat6,A1,16,06,Item de teste 396
Produto 397,497,10,Cat7,A2,17,07,Item de teste 397
Produto 398,498,10,Cat8,A3,18,08,Item de teste 398
Produto 399,499,10,Cat9,A4,19,09,Item de teste 399
Produto 400,500,10,Cat0,A0,00,00,Item de teste 400
Produto 401,501,10,Cat1,A1,01,01,Item de teste 401
Produto 402,502,10,Cat2,A2,02,02,Item de teste 402
Produto 403,503,10,Cat3,A3,03,03,Item de teste 403
Produto 404,504,10,Cat4,A4,04,04,Item de teste 404
Produto 405,505,10,Cat5,A0,05,05,Item de teste 405
Produto 406,506,10,Cat6,A1,06,06,Item de teste 406
Produto 407,507,10,Cat7,A2,07,07,Item de teste 407
Produto 408,508,10,Cat8,A3,08,08,Item de teste 408
Produto 409,509,10,Cat9,A4,09,09,Item de teste 409
Produto 410,510,10,Cat0,A0,10,00,Item de teste 410
Produto 411,511,10,Cat1,A1,11,01,Item de teste 411
Produto 412,512,10,Cat2,A2,12,02,Item de teste 412
Produto 413,513,10,Cat3,A3,13,03,Item de teste 413
Produto 414,514,10,Cat4,A4,14,04,Item de teste 414
Produto 415,515,10,Cat5,A0,15,05,Item de teste 415
Produto 416,516,10,Cat6,A1,16,06,Item de teste 416
Produto 417,517,10,Cat7,A2,17,07,Item de teste 417
Produto 418,518,10,Cat8,A3,18,08,Item de teste 418
Produto 419,519,10,Cat9,A4,19,09,Item de teste 419
Produto 420,520,10,Cat0,A0,00,00,Item de teste 420
Produto 421,521,10,Cat1,A1,01,01,Item de teste 421
Produto 422,522,10,Cat2,A2,02,02,Item de teste 422
Produto 423,523,10,Cat3,A3,03,03,Item de teste 423
Produto 424,524,10,Cat4,A4,04,04,Item de teste 424
Produto 425,525,10,Cat5,A0,05,05,Item de teste 425
Produto 426,526,10,Cat6,A1,06,06,Item de teste 426
Produto 427,527,10,Cat7,A2,07,07,Item de teste 427
Produto 428,528,10,Cat8,A3,08,08,Item de teste 428
Produto 429,529,10,Cat9,A4,09,09,Item de teste 429
Produto 430,530,10,Cat0,A0,10,00,Item de teste 430
Produto 431,531,10,Cat1,A1,11,01,Item de teste 431
Produto 432,532,10,Cat2,A2,12,02,Item de teste 432
Produto 433,533,10,Cat3,A3,13,03,Item de teste 433
Produto 434,534,10,Cat4,A4,14,04,Item de teste 434
Produto 435,535,10,Cat5,A0,15,05,Item de teste 435
Produto 436,536,10,Cat6,A1,16,06,Item de teste 436
Produto 437,537,10,Cat7,A2,17,07,Item de teste 437
Produto 438,538,10,Cat8,A3,18,08,Item de teste 438
Produto 439,539,10,Cat9,A4,19,09,Item de teste 439
Produto 440,540,10,Cat0,A0,00,00,Item de teste 440
Produto 441,541,10,Cat1,A1,01,01,Item de teste 441
Produto 442,542,10,Cat2,A2,02,02,Item de teste 442
Produto 443,543,10,Cat3,A3,03,03,Item de teste 443
Produto 444,544,10,Cat4,A4,04,04,Item de teste 444
Produto 445,545,10,Cat5,A0,05,05,Item de teste 445
Produto 446,546,10,Cat6,A1,06,06,Item de teste 446
Produto 447,547,10,Cat7,A2,07,07,Item de teste 447
Produto 448,548,10,Cat8,A3,08,08,Item de teste 448
Produto 449,549,10,Cat9,A4,09,09,Item de teste 449
Produto 450,550,10,Cat0,A0,10,00,Item de teste 450
Produto 451,551,10,Cat1,A1,11,01,Item de teste 451
Produto 452,552,10,Cat2,A2,12,02,Item de teste 452
Produto 453,553,10,Cat3,A3,13,03,Item de teste 453
Produto 454,554,10,Cat4,A4,14,04,Item de teste 454
Produto 455,555,10,Cat5,A0,15,05,Item de teste 455
Produto 456,556,10,Cat6,A1,16,06,Item de teste 456
Produto 457,557,10,Cat7,A2,17,07,Item de teste 457
Produto 458,558,10,Cat8,A3,18,08,Item de teste 458
Produto 459,559,10,Cat9,A4,19,09,Item de teste 459
Produto 460,560,10,Cat0,A0,00,00,Item de teste 460
Produto 461,561,10,Cat1,A1,01,01,Item de teste 461
Produto 462,562,10,Cat2,A2,02,02,Item de teste 462
Produto 463,563,10,Cat3,A3,03,03,Item de teste 463
Produto 464,564,10,Cat4,A4,04,04,Item de teste 464
Produto 465,565,10,Cat5,A0,05,05,Item de teste 465
Produto 466,566,10,Cat6,A1,06,06,Item de teste 466
Produto 467,567,10,Cat7,A2,07,07,Item de teste 467
Produto 468,568,10,Cat8,A3,08,08,Item de teste 468
Produto 469,569,10,Cat9,A4,09,09,Item de teste 469
Produto 470,570,10,Cat0,A0,10,00,Item de teste 470
Produto 471,571,10,Cat1,A1,11,01,Item de teste 471
Produto 472,572,10,Cat2,A2,12,02,Item de teste 472
Produto 473,573,10,Cat3,A3,13,03,Item de teste 473
Produto 474,574,10,Cat4,A4,14,04,Item de teste 474
Produto 475,575,10,Cat5,A0,15,05,Item de teste 475
Produto 476,576,10,Cat6,A1,16,06,Item de teste 476
Produto 477,577,10,Cat7,A2,17,07,Item de teste 477
Produto 478,578,10,Cat8,A3,18,08,Item de teste 478
Produto 479,579,10,Cat9,A4,19,09,Item de teste 479
Produto 480,580,10,Cat0,A0,00,00,Item de teste 480
Produto 481,581,10,Cat1,A1,01,01,Item de teste 481
Produto 482,582,10,Cat2,A2,02,02,Item de teste 482
Produto 483,583,10,Cat3,A3,03,03,Item de teste 483
Produto 484,584,10,Cat4,A4,04,04,Item de teste 484
Produto 485,585,10,Cat5,A0,05,05,Item de teste 485
Produto 486,586,10,Cat6,A1,06,06,Item de teste 486
Produto 487,587,10,Cat7,A2,07,07,Item de teste 487
Produto 488,588,10,Cat8,A3,08,08,Item de teste 488
Produto 489,589,10,Cat9,A4,09,09,Item de teste 489
Produto 490,590,10,Cat0,A0,10,00,Item de teste 490
Produto 491,591,10,Cat1,A1,11,01,Item de teste 491
Produto 492,592,10,Cat2,A2,12,02,Item de teste 492
Produto 493,593,10,Cat3,A3,13,03,Item de teste 493
Produto 494,594,10,Cat4,A4,14,04,Item de teste 494
Produto 495,595,10,Cat5,A0,15,05,Item de teste 495
Produto 496,596,10,Cat6,A1,16,06,Item de teste 496
Produto 497,597,10,Cat7,A2,17,07,Item de teste 497
Produto 498,598,10,Cat8,A3,18,08,Item de teste 498
Produto 499,599,10,Cat9,A4,19,09,Item de teste 499
Produto 500,600,10,Cat0,A0,00,00,Item de teste 500
Produto 501,601,10,Cat1,A1,01,01,Item de teste 501
Produto 502,602,10,Cat2,A2,02,02,Item de teste 502
Produto 503,603,10,Cat3,A3,03,03,Item de teste 503
Produto 504,604,10,Cat4,A4,04,04,Item de teste 504
Produto 505,605,10,Cat5,A0,05,05,Item de teste 505
Produto 506,606,10,Cat6,A1,06,06,Item de teste 506
Produto 507,607,10,Cat7,A2,07,07,Item de teste 507
Produto 508,608,10,Cat8,A3,08,08,Item de teste 508
Produto 509,609,10,Cat9,A4,09,09,Item de teste 509
Produto 510,610,10,Cat0,A0,10,00,Item de teste 510
Produto 511,611,10,Cat1,A1,11,01,Item de teste 511
Produto 512,612,10,Cat2,A2,12,02,Item de teste 512
Produto 513,613,10,Cat3,A3,13,03,Item de teste 513
Produto 514,614,10,Cat4,A4,14,04,Item de teste 514
Produto 515,615,10,Cat5,A0,15,05,Item de teste 515
Produto 516,616,10,Cat6,A1,16,06,Item de teste 516
Produto 517,617,10,Cat7,A2,17,07,Item de teste 517
Produto 518,618,10,Cat8,A3,18,08,Item de teste 518
Produto 519,619,10,Cat9,A4,19,09,Item de teste 519
Produto 520,620,10,Cat0,A0,00,00,Item de teste 520
Produto 521,621,10,Cat1,A1,01,01,Item de teste 521
Produto 522,622,10,Cat2,A2,02,02,Item de teste 522
Produto 523,623,10,Cat3,A3,03,03,Item de teste 523
Produto 524,624,10,Cat4,A4,04,04,Item de teste 524
Produto 525,625,10,Cat5,A0,05,05,Item de teste 525
Produto 526,626,10,Cat6,A1,06,06,Item de teste 526
Produto 527,627,10,Cat7,A2,07,07,Item de teste 527
Produto 528,628,10,Cat8,A3,08,08,Item de teste 528
Produto 529,629,10,Cat9,A4,09,09,Item de teste 529
Produto 530,630,10,Cat0,A0,10,00,Item de teste 530
Produto 531,631,10,Cat1,A1,11,01,Item de teste 531
Produto 532,632,10,Cat2,A2,12,02,Item de teste 532
Produto 533,633,10,Cat3,A3,13,03,Item de teste 533
Produto 534,634,10,Cat4,A4,14,04,Item de teste 534
Produto 535,635,10,Cat5,A0,15,05,Item de teste 535
Produto 536,636,10,Cat6,A1,16,06,Item de teste 536
Produto 537,637,10,Cat7,A2,17,07,Item de teste 537
Produto 538,638,10,Cat8,A3,18,08,Item de teste 538
Produto 539,639,10,Cat9,A4,19,09,Item de teste 539
Produto 540,640,10,Cat0,A0,00,00,Item de teste 540
Produto 541,641,10,Cat1,A1,01,01,Item de teste 541
Produto 542,642,10,Cat2,A2,02,02,Item de teste 542
Produto 543,643,10,Cat3,A3,03,03,Item de teste 543
Produto 544,644,10,Cat4,A4,04,04,Item de teste 544
Produto 545,645,10,Cat5,A0,05,05,Item de teste 545
Produto 546,646,10,Cat6,A1,06,06,Item de teste 546
Produto 547,647,10,Cat7,A2,07,07,Item de teste 547
Produto 548,648,10,Cat8,A3,08,08,Item de teste 548
Produto 549,649,10,Cat9,A4,09,09,Item de teste 549
Produto 550,650,10,Cat0,A0,10,00,Item de teste 550
Produto 551,651,10,Cat1,A1,11,01,Item de teste 551
Produto 552,652,10,Cat2,A2,12,02,Item de teste 552
Produto 553,653,10,Cat3,A3,13,03,Item de teste 553
Produto 554,654,10,Cat4,A4,14,04,Item de teste 554
Produto 555,655,10,Cat5,A0,15,05,Item de teste 555
Produto 556,656,10,Cat6,A1,16,06,Item de teste 556
Produto 557,657,10,Cat7,A2,17,07,Item de teste 557
Produto 558,658,10,Cat8,A3,18,08,Item de teste 558
Produto 559,659,10,Cat9,A4,19,09,Item de teste 559
Produto 560,660,10,Cat0,A0,00,00,Item de teste 560
Produto 561,661,10,Cat1,A1,01,01,Item de teste 561
Produto 562,662,10,Cat2,A2,02,02,Item de teste 562
Produto 563,663,10,Cat3,A3,03,03,Item de teste 563
Produto 564,664,10,Cat4,A4,04,04,Item de teste 564
Produto 565,665,10,Cat5,A0,05,05,Item de teste 565
Produto 566,666,10,Cat6,A1,06,06,Item de teste 566
Produto 567,667,10,Cat7,A2,07,07,Item de teste 567
Produto 568,668,10,Cat8,A3,08,08,Item de teste 568
Produto 569,669,10,Cat9,A4,09,09,Item de teste 569
Produto 570,670,10,Cat0,A0,10,00,Item de teste 570
Produto 571,671,10,Cat1,A1,11,01,Item de teste 571
Produto 572,672,10,Cat2,A2,12,02,Item de teste 572
Produto 573,673,10,Cat3,A3,13,03,Item de teste 573
Produto 574,674,10,Cat4,A4,14,04,Item de teste 574
Produto 575,675,10,Cat5,A0,15,05,Item de teste 575
Produto 576,676,10,Cat6,A1,16,06,Item de teste 576
Produto 577,677,10,Cat7,A2,17,07,Item de teste 577
Produto 578,678,10,Cat8,A3,18,08,Item de teste 578
Produto 579,679,10,Cat9,A4,19,09,Item de teste 579
Produto 580,680,10,Cat0,A0,00,00,Item de teste 580
Produto 581,681,10,Cat1,A1,01,01,Item de teste 581
Produto 582,682,10,Cat2,A2,02,02,Item de teste 582
Produto 583,683,10,Cat3,A3,03,03,Item de teste 583
Produto 584,684,10,Cat4,A4,04,04,Item de teste 584
Produto 585,685,10,Cat5,A0,05,05,Item de teste 585
Produto 586,686,10,Cat6,A1,06,06,Item de teste 586
Produto 587,687,10,Cat7,A2,07,07,Item de teste 587
Produto 588,688,10,Cat8,A3,08,08,Item de teste 588
Produto 589,689,10,Cat9,A4,09,09,Item de teste 589
Produto 590,690,10,Cat0,A0,10,00,Item de teste 590
Produto 591,691,10,Cat1,A1,11,01,Item de teste 591
Produto 592,692,10,Cat2,A2,12,02,Item de teste 592
Produto 593,693,10,Cat3,A3,13,03,Item de teste 593
Produto 594,694,10,Cat4,A4,14,04,Item de teste 594
Produto 595,695,10,Cat5,A0,15,05,Item de teste 595
Produto 596,696,10,Cat6,A1,16,06,Item de teste 596
Produto 597,697,10,Cat7,A2,17,07,Item de teste 597
Produto 598,698,10,Cat8,A3,18,08,Item de teste 598
Produto 599,699,10,Cat9,A4,19,09,Item de teste 599
Produto 600,700,10,Cat0,A0,00,00,Item de teste 600
Produto 601,701,10,Cat1,A1,01,01,Item de teste 601
Produto 602,702,10,Cat2,A2,02,02,Item de teste 602
Produto 603,703,10,Cat3,A3,03,03,Item de teste 603
Produto 604,704,10,Cat4,A4,04,04,Item de teste 604
Produto 605,705,10,Cat5,A0,05,05,Item de teste 605
Produto 606,706,10,Cat6,A1,06,06,Item de teste 606
Produto 607,707,10,Cat7,A2,07,07,Item de teste 607
Produto 608,708,10,Cat8,A3,08,08,Item de teste 608
Produto 609,709,10,Cat9,A4,09,09,Item de teste 609
Produto 610,710,10,Cat0,A0,10,00,Item de teste 610
Produto 611,711,10,Cat1,A1,11,01,Item de teste 611
Produto 612,712,10,Cat2,A2,12,02,Item de teste 612
Produto 613,713,10,Cat3,A3,13,03,Item de teste 613
Produto 614,714,10,Cat4,A4,14,04,Item de teste 614
Produto 615,715,10,Cat5,A0,15,05,Item de teste 615
Produto 616,716,10,Cat6,A1,16,06,Item de teste 616
Produto 617,717,10,Cat7,A2,17,07,Item de teste 617
Produto 618,718,10,Cat8,A3,18,08,Item de teste 618
Produto 619,719,10,Cat9,A4,19,09,Item de teste 619
Produto 620,720,10,Cat0,A0,00,00,Item de teste 620
Produto 621,721,10,Cat1,A1,01,01,Item de teste 621
Produto 622,722,10,Cat2,A2,02,02,Item de teste 622
Produto 623,723,10,Cat3,A3,03,03,Item de teste 623
Produto 624,724,10,Cat4,A4,04,04,Item de teste 624
Produto 625,725,10,Cat5,A0,05,05,Item de teste 625
Produto 626,726,10,Cat6,A1,06,06,Item de teste 626
Produto 627,727,10,Cat7,A2,07,07,Item de teste 627
Produto 628,728,10,Cat8,A3,08,08,Item de teste 628
Produto 629,729,10,Cat9,A4,09,09,Item de teste 629
Produto 630,730,10,Cat0,A0,10,00,Item de teste 630
Produto 631,731,10,Cat1,A1,11,01,Item de teste 631
Produto 632,732,10,Cat2,A2,12,02,Item de teste 632
Produto 633,733,10,Cat3,A3,13,03,Item de teste 633
Produto 634,734,10,Cat4,A4,14,04,Item de teste 634
Produto 635,735,10,Cat5,A0,15,05,Item de teste 635
Produto 636,736,10,Cat6,A1,16,06,Item de teste 636
Produto 637,737,10,Cat7,A2,17,07,Item de teste 637
Produto 638,738,10,Cat8,A3,18,08,Item de teste 638
Produto 639,739,10,Cat9,A4,19,09,Item de teste 639
Produto 640,740,10,Cat0,A0,00,00,Item de teste 640
Produto 641,741,10,Cat1,A1,01,01,Item de teste 641
Produto 642,742,10,Cat2,A2,02,02,Item de teste 642
Produto 643,743,10,Cat3,A3,03,03,Item de teste 643
Produto 644,744,10,Cat4,A4,04,04,Item de teste 644
Produto 645,745,10,Cat5,A0,05,05,Item de teste 645
Produto 646,746,10,Cat6,A1,06,06,Item de teste 646
Produto 647,747,10,Cat7,A2,07,07,Item de teste 647
Produto 648,748,10,Cat8,A3,08,08,Item de teste 648
Produto 649,749,10,Cat9,A4,09,09,Item de teste 649
Produto 650,750,10,Cat0,A0,10,00,Item de teste 650
Produto 651,751,10,Cat1,A1,11,01,Item de teste 651
Produto 652,752,10,Cat2,A2,12,02,Item de teste 652
Produto 653,753,10,Cat3,A3,13,03,Item de teste 653
Produto 654,754,10,Cat4,A4,14,04,Item de teste 654
Produto 655,755,10,Cat5,A0,15,05,Item de teste 655
Produto 656,756,10,Cat6,A1,16,06,Item de teste 656
Produto 657,757,10,Cat7,A2,17,07,Item de teste 657
Produto 658,758,10,Cat8,A3,18,08,Item de teste 658
Produto 659,759,10,Cat9,A4,19,09,Item de teste 659
Produto 660,760,10,Cat0,A0,00,00,Item de teste 660
Produto 661,761,10,Cat1,A1,01,01,Item de teste 661
Produto 662,762,10,Cat2,A2,02,02,Item de teste 662
Produto 663,763,10,Cat3,A3,03,03,Item de teste 663
Produto 664,764,10,Cat4,A4,04,04,Item de teste 664
Produto 665,765,10,Cat5,A0,05,05,Item de teste 665
Produto 666,766,10,Cat6,A1,06,06,Item de teste 666
Produto 667,767,10,Cat7,A2,07,07,Item de teste 667
Produto 668,768,10,Cat8,A3,08,08,Item de teste 668
Produto 669,769,10,Cat9,A4,09,09,Item de teste 669
Produto 670,770,10,Cat0,A0,10,00,Item de teste 670
Produto 671,771,10,Cat1,A1,11,01,Item de teste 671
Produto 672,772,10,Cat2,A2,12,02,Item de teste 672
Produto 673,773,10,Cat3,A3,13,03,Item de teste 673
Produto 674,774,10,Cat4,A4,14,04,Item de teste 674
Produto 675,775,10,Cat5,A0,15,05,Item de teste 675
Produto 676,776,10,Cat6,A1,16,06,Item de teste 676
Produto 677,777,10,Cat7,A2,17,07,Item de teste 677
Produto 678,778,10,Cat8,A3,18,08,Item de teste 678
Produto 679,779,10,Cat9,A4,19,09,Item de teste 679
Produto 680,780,10,Cat0,A0,00,00,Item de teste 680
Produto 681,781,10,Cat1,A1,01,01,Item de teste 681
Produto 682,782,10,Cat2,A2,02,02,Item de teste 682
Produto 683,783,10,Cat3,A3,03,03,Item de teste 683
Produto 684,784,10,Cat4,A4,04,04,Item de teste 684
Produto 685,785,10,Cat5,A0,05,05,Item de teste 685
Produto 686,786,10,Cat6,A1,06,06,Item de teste 686
Produto 687,787,10,Cat7,A2,07,07,Item de teste 687
Produto 688,788,10,Cat8,A3,08,08,Item de teste 688
Produto 689,789,10,Cat9,A4,09,09,Item de teste 689
Produto 690,790,10,Cat0,A0,10,00,Item de teste 690
Produto 691,791,10,Cat1,A1,11,01,Item de teste 691
Produto 692,792,10,Cat2,A2,12,02,Item de teste 692
Produto 693,793,10,Cat3,A3,13,03,Item de teste 693
Produto 694,794,10,Cat4,A4,14,04,Item de teste 694
Produto 695,795,10,Cat5,A0,15,05,Item de teste 695
Produto 696,796,10,Cat6,A1,16,06,Item de teste 696
Produto 697,797,10,Cat7,A2,17,07,Item de teste 697
Produto 698,798,10,Cat8,A3,18,08,Item de teste 698
Produto 699,799,10,Cat9,A4,19,09,Item de teste 699
Produto 700,800,10,Cat0,A0,00,00,Item de teste 700
Produto 701,801,10,Cat1,A1,01,01,Item de teste 701
Produto 702,802,10,Cat2,A2,02,02,Item de teste 702
Produto 703,803,10,Cat3,A3,03,03,Item de teste 703
Produto 704,804,10,Cat4,A4,04,04,Item de teste 704
Produto 705,805,10,Cat5,A0,05,05,Item de teste 705
Produto 706,806,10,Cat6,A1,06,06,Item de teste 706
Produto 707,807,10,Cat7,A2,07,07,Item de teste 707
Produto 708,808,10,Cat8,A3,08,08,Item de teste 708
Produto 709,809,10,Cat9,A4,09,09,Item de teste 709
Produto 710,810,10,Cat0,A0,10,00,Item de teste 710
Produto 711,811,10,Cat1,A1,11,01,Item de teste 711
Produto 712,812,10,Cat2,A2,12,02,Item de teste 712
Produto 713,813,10,Cat3,A3,13,03,Item de teste 713
Produto 714,814,10,Cat4,A4,14,04,Item de teste 714
Produto 715,815,10,Cat5,A0,15,05,Item de teste 715
Produto 716,816,10,Cat6,A1,16,06,Item de teste 716
Produto 717,817,10,Cat7,A2,17,07,Item de teste 717
Produto 718,818,10,Cat8,A3,18,08,Item de teste 718
Produto 719,819,10,Cat9,A4,19,09,Item de teste 719
Produto 720,820,10,Cat0,A0,00,00,Item de teste 720
Produto 721,821,10,Cat1,A1,01,01,Item de teste 721
Produto 722,822,10,Cat2,A2,02,02,Item de teste 722
Produto 723,823,10,Cat3,A3,03,03,Item de teste 723
Produto 724,824,10,Cat4,A4,04,04,Item de teste 724
Produto 725,825,10,Cat5,A0,05,05,Item de teste 725
Produto 726,826,10,Cat6,A1,06,06,Item de teste 726
Produto 727,827,10,Cat7,A2,07,07,Item de teste 727
Produto 728,828,10,Cat8,A3,08,08,Item de teste 728
Produto 729,829,10,Cat9,A4,09,09,Item de teste 729
Produto 730,830,10,Cat0,A0,10,00,Item de teste 730
Produto 731,831,10,Cat1,A1,11,01,Item de teste 731
Produto 732,832,10,Cat2,A2,12,02,Item de teste 732
Produto 733,833,10,Cat3,A3,13,03,Item de teste 733
Produto 734,834,10,Cat4,A4,14,04,Item de teste 734
Produto 735,835,10,Cat5,A0,15,05,Item de teste 735
Produto 736,836,10,Cat6,A1,16,06,Item de teste 736
Produto 737,837,10,Cat7,A2,17,07,Item de teste 737
Produto 738,838,10,Cat8,A3,18,08,Item de teste 738
Produto 739,839,10,Cat9,A4,19,09,Item de teste 739
Produto 740,840,10,Cat0,A0,00,00,Item de teste 740
Produto 741,841,10,Cat1,A1,01,01,Item de teste 741
Produto 742,842,10,Cat2,A2,02,02,Item de teste 742
Produto 743,843,10,Cat3,A3,03,03,Item de teste 743
Produto 744,844,10,Cat4,A4,04,04,Item de teste 744
Produto 745,845,10,Cat5,A0,05,05,Item de teste 745
Produto 746,846,10,Cat6,A1,06,06,Item de teste 746
Produto 747,847,10,Cat7,A2,07,07,Item de teste 747
Produto 748,848,10,Cat8,A3,08,08,Item de teste 748
Produto 749,849,10,Cat9,A4,09,09,Item de teste 749
Produto 750,850,10,Cat0,A0,10,00,Item de teste 750
Produto 751,851,10,Cat1,A1,11,01,Item de teste 751
Produto 752,852,10,Cat2,A2,12,02,Item de teste 752
Produto 753,853,10,Cat3,A3,13,03,Item de teste 753
Produto 754,854,10,Cat4,A4,14,04,Item de teste 754
Produto 755,855,10,Cat5,A0,15,05,Item de teste 755
Produto 756,856,10,Cat6,A1,16,06,Item de teste 756
Produto 757,857,10,Cat7,A2,17,07,Item de teste 757
Produto 758,858,10,Cat8,A3,18,08,Item de teste 758
Produto 759,859,10,Cat9,A4,19,09,Item de teste 759
Produto 760,860,10,Cat0,A0,00,00,Item de teste 760
Produto 761,861,10,Cat1,A1,01,01,Item de teste 761
Produto 762,862,10,Cat2,A2,02,02,Item de teste 762
Produto 763,863,10,Cat3,A3,03,03,Item de teste 763
Produto 764,864,10,Cat4,A4,04,04,Item de teste 764
Produto 765,865,10,Cat5,A0,05,05,Item de teste 765
Produto 766,866,10,Cat6,A1,06,06,Item de teste 766
Produto 767,867,10,Cat7,A2,07,07,Item de teste 767
Produto 768,868,10,Cat8,A3,08,08,Item de teste 768
Produto 769,869,10,Cat9,A4,09,09,Item de teste 769
Produto 770,870,10,Cat0,A0,10,00,Item de teste 770
Produto 771,871,10,Cat1,A1,11,01,Item de teste 771
Produto 772,872,10,Cat2,A2,12,02,Item de teste 772
Produto 773,873,10,Cat3,A3,13,03,Item de teste 773
Produto 774,874,10,Cat4,A4,14,04,Item de teste 774
Produto 775,875,10,Cat5,A0,15,05,Item de teste 775
Produto 776,876,10,Cat6,A1,16,06,Item de teste 776
Produto 777,877,10,Cat7,A2,17,07,Item de teste 777
Produto 778,878,10,Cat8,A3,18,08,Item de teste 778
Produto 779,879,10,Cat9,A4,19,09,Item de teste 779
Produto 780,880,10,Cat0,A0,00,00,Item de teste 780
Produto 781,881,10,Cat1,A1,01,01,Item de teste 781
Produto 782,882,10,Cat2,A2,02,02,Item de teste 782
Produto 783,883,10,Cat3,A3,03,03,Item de teste 783
Produto 784,884,10,Cat4,A4,04,04,Item de teste 784
Produto 785,885,10,Cat5,A0,05,05,Item de teste 785
Produto 786,886,10,Cat6,A1,06,06,Item de teste 786
Produto 787,887,10,Cat7,A2,07,07,Item de teste 787
Produto 788,888,10,Cat8,A3,08,08,Item de teste 788
Produto 789,889,10,Cat9,A4,09,09,Item de teste 789
Produto 790,890,10,Cat0,A0,10,00,Item de teste 790
Produto 791,891,10,Cat1,A1,11,01,Item de teste 791
Produto 792,892,10,Cat2,A2,12,02,Item de teste 792
Produto 793,893,10,Cat3,A3,13,03,Item de teste 793
Produto 794,894,10,Cat4,A4,14,04,Item de teste 794
Produto 795,895,10,Cat5,A0,15,05,Item de teste 795
Produto 796,896,10,Cat6,A1,16,06,Item de teste 796
Produto 797,897,10,Cat7,A2,17,07,Item de teste 797
Produto 798,898,10,Cat8,A3,18,08,Item de teste 798
Produto 799,899,10,Cat9,A4,19,09,Item de teste 799
Produto 800,900,10,Cat0,A0,00,00,Item de teste 800
Produto 801,901,10,Cat1,A1,01,01,Item de teste 801
Produto 802,902,10,Cat2,A2,02,02,Item de teste 802
Produto 803,903,10,Cat3,A3,03,03,Item de teste 803
Produto 804,904,10,Cat4,A4,04,04,Item de teste 804
Produto 805,905,10,Cat5,A0,05,05,Item de teste 805
Produto 806,906,10,Cat6,A1,06,06,Item de teste 806
Produto 807,907,10,Cat7,A2,07,07,Item de teste 807
Produto 808,908,10,Cat8,A3,08,08,Item de teste 808
Produto 809,909,10,Cat9,A4,09,09,Item de teste 809
Produto 810,910,10,Cat0,A0,10,00,Item de teste 810
Produto 811,911,10,Cat1,A1,11,01,Item de teste 811
Produto 812,912,10,Cat2,A2,12,02,Item de teste 812
Produto 813,913,10,Cat3,A3,13,03,Item de teste 813
Produto 814,914,10,Cat4,A4,14,04,Item de teste 814
Produto 815,915,10,Cat5,A0,15,05,Item de teste 815
Produto 816,916,10,Cat6,A1,16,06,Item de teste 816
Produto 817,917,10,Cat7,A2,17,07,Item de teste 817
Produto 818,918,10,Cat8,A3,18,08,Item de teste 818
Produto 819,919,10,Cat9,A4,19,09,Item de teste 819
Produto 820,920,10,Cat0,A0,00,00,Item de teste 820
Produto 821,921,10,Cat1,A1,01,01,Item de teste 821
Produto 822,922,10,Cat2,A2,02,02,Item de teste 822
Produto 823,923,10,Cat3,A3,03,03,Item de teste 823
Produto 824,924,10,Cat4,A4,04,04,Item de teste 824
Produto 825,925,10,Cat5,A0,05,05,Item de teste 825
Produto 826,926,10,Cat6,A1,06,06,Item de teste 826
Produto 827,927,10,Cat7,A2,07,07,Item de teste 827
Produto 828,928,10,Cat8,A3,08,08,Item de teste 828
Produto 829,929,10,Cat9,A4,09,09,Item de teste 829
Produto 830,930,10,Cat0,A0,10,00,Item de teste 830
Produto 831,931,10,Cat1,A1,11,01,Item de teste 831
Produto 832,932,10,Cat2,A2,12,02,Item de teste 832
Produto 833,933,10,Cat3,A3,13,03,Item de teste 833
Produto 834,934,10,Cat4,A4,14,04,Item de teste 834
Produto 835,935,10,Cat5,A0,15,05,Item de teste 835
Produto 836,936,10,Cat6,A1,16,06,Item de teste 836
Produto 837,937,10,Cat7,A2,17,07,Item de teste 837
Produto 838,938,10,Cat8,A3,18,08,Item de teste 838
Produto 839,939,10,Cat9,A4,19,09,Item de teste 839
Produto 840,940,10,Cat0,A0,00,00,Item de teste 840
Produto 841,941,10,Cat1,A1,01,01,Item de teste 841
Produto 842,942,10,Cat2,A2,02,02,Item de teste 842
Produto 843,943,10,Cat3,A3,03,03,Item de teste 843
Produto 844,944,10,Cat4,A4,04,04,Item de teste 844
Produto 845,945,10,Cat5,A0,05,05,Item de teste 845
Produto 846,946,10,Cat6,A1,06,06,Item de teste 846
Produto 847,947,10,Cat7,A2,07,07,Item de teste 847
Produto 848,948,10,Cat8,A3,08,08,Item de teste 848
Produto 849,949,10,Cat9,A4,09,09,Item de teste 849
Produto 850,950,10,Cat0,A0,10,00,Item de teste 850
Produto 851,951,10,Cat1,A1,11,01,Item de teste 851
Produto 852,952,10,Cat2,A2,12,02,Item de teste 852
Produto 853,953,10,Cat3,A3,13,03,Item de teste 853
Produto 854,954,10,Cat4,A4,14,04,Item de teste 854
Produto 855,955,10,Cat5,A0,15,05,Item de teste 855
Produto 856,956,10,Cat6,A1,16,06,Item de teste 856
Produto 857,957,10,Cat7,A2,17,07,Item de teste 857
Produto 858,958,10,Cat8,A3,18,08,Item de teste 858
Produto 859,959,10,Cat9,A4,19,09,Item de teste 859
Produto 860,960,10,Cat0,A0,00,00,Item de teste 860
Produto 861,961,10,Cat1,A1,01,01,Item de teste 861
Produto 862,962,10,Cat2,A2,02,02,Item de teste 862
Produto 863,963,10,Cat3,A3,03,03,Item de teste 863
Produto 864,964,10,Cat4,A4,04,04,Item de teste 864
Produto 865,965,10,Cat5,A0,05,05,Item de teste 865
Produto 866,966,10,Cat6,A1,06,06,Item de teste 866
Produto 867,967,10,Cat7,A2,07,07,Item de teste 867
Produto 868,968,10,Cat8,A3,08,08,Item de teste 868
Produto 869,969,10,Cat9,A4,09,09,Item de teste 869
Produto 870,970,10,Cat0,A0,10,00,Item de teste 870
Produto 871,971,10,Cat1,A1,11,01,Item de teste 871
Produto 872,972,10,Cat2,A2,12,02,Item de teste 872
Produto 873,973,10,Cat3,A3,13,03,Item de teste 873
Produto 874,974,10,Cat4,A4,14,04,Item de teste 874
Produto 875,975,10,Cat5,A0,15,05,Item de teste 875
Produto 876,976,10,Cat6,A1,16,06,Item de teste 876
Produto 877,977,10,Cat7,A2,17,07,Item de teste 877
Produto 878,978,10,Cat8,A3,18,08,Item de teste 878
Produto 879,979,10,Cat9,A4,19,09,Item de teste 879
Produto 880,980,10,Cat0,A0,00,00,Item de teste 880
Produto 881,981,10,Cat1,A1,01,01,Item de teste 881
Produto 882,982,10,Cat2,A2,02,02,Item de teste 882
Produto 883,983,10,Cat3,A3,03,03,Item de teste 883
Produto 884,984,10,Cat4,A4,04,04,Item de teste 884
Produto 885,985,10,Cat5,A0,05,05,Item de teste 885
Produto 886,986,10,Cat6,A1,06,06,Item de teste 886
Produto 887,987,10,Cat7,A2,07,07,Item de teste 887
Produto 888,988,10,Cat8,A3,08,08,Item de teste 888
Produto 889,989,10,Cat9,A4,09,09,Item de teste 889
Produto 890,990,10,Cat0,A0,10,00,Item de teste 890
Produto 891,991,10,Cat1,A1,11,01,Item de teste 891
Produto 892,992,10,Cat2,A2,12,02,Item de teste 892
Produto 893,993,10,Cat3,A3,13,03,Item de teste 893
Produto 894,994,10,Cat4,A4,14,04,Item de teste 894
Produto 895,995,10,Cat5,A0,15,05,Item de teste 895
Produto 896,996,10,Cat6,A1,16,06,Item de teste 896
Produto 897,997,10,Cat7,A2,17,07,Item de teste 897
Produto 898,998,10,Cat8,A3,18,08,Item de teste 898
Produto 899,999,10,Cat9,A4,19,09,Item de teste 899
Produto 900,1000,10,Cat0,A0,00,00,Item de teste 900
Produto 901,1001,10,Cat1,A1,01,01,Item de teste 901
Produto 902,1002,10,Cat2,A2,02,02,Item de teste 902
Produto 903,1003,10,Cat3,A3,03,03,Item de teste 903
Produto 904,1004,10,Cat4,A4,04,04,Item de teste 904
Produto 905,1005,10,Cat5,A0,05,05,Item de teste 905
Produto 906,1006,10,Cat6,A1,06,06,Item de teste 906
Produto 907,1007,10,Cat7,A2,07,07,Item de teste 907
Produto 908,1008,10,Cat8,A3,08,08,Item de teste 908
Produto 909,1009,10,Cat9,A4,09,09,Item de teste 909
Produto 910,1010,10,Cat0,A0,10,00,Item de teste 910
Produto 911,1011,10,Cat1,A1,11,01,Item de teste 911
Produto 912,1012,10,Cat2,A2,12,02,Item de teste 912
Produto 913,1013,10,Cat3,A3,13,03,Item de teste 913
Produto 914,1014,10,Cat4,A4,14,04,Item de teste 914
Produto 915,1015,10,Cat5,A0,15,05,Item de teste 915
Produto 916,1016,10,Cat6,A1,16,06,Item de teste 916
Produto 917,1017,10,Cat7,A2,17,07,Item de teste 917
Produto 918,1018,10,Cat8,A3,18,08,Item de teste 918
Produto 919,1019,10,Cat9,A4,19,09,Item de teste 919
Produto 920,1020,10,Cat0,A0,00,00,Item de teste 920
Produto 921,1021,10,Cat1,A1,01,01,Item de teste 921
Produto 922,1022,10,Cat2,A2,02,02,Item de teste 922
Produto 923,1023,10,Cat3,A3,03,03,Item de teste 923
Produto 924,1024,10,Cat4,A4,04,04,Item de teste 924
Produto 925,1025,10,Cat5,A0,05,05,Item de teste 925
Produto 926,1026,10,Cat6,A1,06,06,Item de teste 926
Produto 927,1027,10,Cat7,A2,07,07,Item de teste 927
Produto 928,1028,10,Cat8,A3,08,08,Item de teste 928
Produto 929,1029,10,Cat9,A4,09,09,Item de teste 929
Produto 930,1030,10,Cat0,A0,10,00,Item de teste 930
Produto 931,1031,10,Cat1,A1,11,01,Item de teste 931
Produto 932,1032,10,Cat2,A2,12,02,Item de teste 932
Produto 933,1033,10,Cat3,A3,13,03,Item de teste 933
Produto 934,1034,10,Cat4,A4,14,04,Item de teste 934
Produto 935,1035,10,Cat5,A0,15,05,Item de teste 935
Produto 936,1036,10,Cat6,A1,16,06,Item de teste 936
Produto 937,1037,10,Cat7,A2,17,07,Item de teste 937
Produto 938,1038,10,Cat8,A3,18,08,Item de teste 938
Produto 939,1039,10,Cat9,A4,19,09,Item de teste 939
Produto 940,1040,10,Cat0,A0,00,00,Item de teste 940
Produto 941,1041,10,Cat1,A1,01,01,Item de teste 941
Produto 942,1042,10,Cat2,A2,02,02,Item de teste 942
Produto 943,1043,10,Cat3,A3,03,03,Item de teste 943
Produto 944,1044,10,Cat4,A4,04,04,Item de teste 944
Produto 945,1045,10,Cat5,A0,05,05,Item de teste 945
Produto 946,1046,10,Cat6,A1,06,06,Item de teste 946
Produto 947,1047,10,Cat7,A2,07,07,Item de teste 947
Produto 948,1048,10,Cat8,A3,08,08,Item de teste 948
Produto 949,1049,10,Cat9,A4,09,09,Item de teste 949
Produto 950,1050,10,Cat0,A0,10,00,Item de teste 950
Produto 951,1051,10,Cat1,A1,11,01,Item de teste 951
Produto 952,1052,10,Cat2,A2,12,02,Item de teste 952
Produto 953,1053,10,Cat3,A3,13,03,Item de teste 953
Produto 954,1054,10,Cat4,A4,14,04,Item de teste 954
Produto 955,1055,10,Cat5,A0,15,05,Item de teste 955
Produto 956,1056,10,Cat6,A1,16,06,Item de teste 956
Produto 957,1057,10,Cat7,A2,17,07,Item de teste 957
Produto 958,1058,10,Cat8,A3,18,08,Item de teste 958
Produto 959,1059,10,Cat9,A4,19,09,Item de teste 959
Produto 960,1060,10,Cat0,A0,00,00,Item de teste 960
Produto 961,1061,10,Cat1,A1,01,01,Item de teste 961
Produto 962,1062,10,Cat2,A2,02,02,Item de teste 962
Produto 963,1063,10,Cat3,A3,03,03,Item de teste 963
Produto 964,1064,10,Cat4,A4,04,04,Item de teste 964
Produto 965,1065,10,Cat5,A0,05,05,Item de teste 965
Produto 966,1066,10,Cat6,A1,06,06,Item de teste 966
Produto 967,1067,10,Cat7,A2,07,07,Item de teste 967
Produto 968,1068,10,Cat8,A3,08,08,Item de teste 968
Produto 969,1069,10,Cat9,A4,09,09,Item de teste 969
Produto 970,1070,10,Cat0,A0,10,00,Item de teste 970
Produto 971,1071,10,Cat1,A1,11,01,Item de teste 971
Produto 972,1072,10,Cat2,A2,12,02,Item de teste 972
Produto 973,1073,10,Cat3,A3,13,03,Item de teste 973
Produto 974,1074,10,Cat4,A4,14,04,Item de teste 974
Produto 975,1075,10,Cat5,A0,15,05,Item de teste 975
Produto 976,1076,10,Cat6,A1,16,06,Item de teste 976
Produto 977,1077,10,Cat7,A2,17,07,Item de teste 977
Produto 978,1078,10,Cat8,A3,18,08,Item de teste 978
Produto 979,1079,10,Cat9,A4,19,09,Item de teste 979
Produto 980,1080,10,Cat0,A0,00,00,Item de teste 980
Produto 981,1081,10,Cat1,A1,01,01,Item de teste 981
Produto 982,1082,10,Cat2,A2,02,02,Item de teste 982
Produto 983,1083,10,Cat3,A3,03,03,Item de teste 983
Produto 984,1084,10,Cat4,A4,04,04,Item de teste 984
Produto 985,1085,10,Cat5,A0,05,05,Item de teste 985
Produto 986,1086,10,Cat6,A1,06,06,Item de teste 986
Produto 987,1087,10,Cat7,A2,07,07,Item de teste 987
Produto 988,1088,10,Cat8,A3,08,08,Item de teste 988
Produto 989,1089,10,Cat9,A4,09,09,Item de teste 989
Produto 990,1090,10,Cat0,A0,10,00,Item de teste 990
Produto 991,1091,10,Cat1,A1,11,01,Item de teste 991
Produto 992,1092,10,Cat2,A2,12,02,Item de teste 992
Produto 993,1093,10,Cat3,A3,13,03,Item de teste 993
Produto 994,1094,10,Cat4,A4,14,04,Item de teste 994
Produto 995,1095,10,Cat5,A0,15,05,Item de teste 995
Produto 996,1096,10,Cat6,A1,16,06,Item de teste 996
Produto 997,1097,10,Cat7,A2,17,07,Item de teste 997
Produto 998,1098,10,Cat8,A3,18,08,Item de teste 998
Produto 999,1099,10,Cat9,A4,19,09,Item de teste 999
Produto 1000,1100,10,Cat0,A0,00,00,Item de teste 1000
Produto 1001,1101,10,Cat1,A1,01,01,Item de teste 1001
Produto 1002,1102,10,Cat2,A2,02,02,Item de teste 1002
Produto 1003,1103,10,Cat3,A3,03,03,Item de teste 1003
Produto 1004,1104,10,Cat4,A4,04,04,Item de teste 1004
Produto 1005,1105,10,Cat5,A0,05,05,Item de teste 1005
Produto 1006,1106,10,Cat6,A1,06,06,Item de teste 1006
Produto 1007,1107,10,Cat7,A2,07,07,Item de teste 1007
Produto 1008,1108,10,Cat8,A3,08,08,Item de teste 1008
Produto 1009,1109,10,Cat9,A4,09,09,Item de teste 1009
Produto 1010,1110,10,Cat0,A0,10,00,Item de teste 1010
Produto 1011,1111,10,Cat1,A1,11,01,Item de teste 1011
Produto 1012,1112,10,Cat2,A2,12,02,Item de teste 1012
Produto 1013,1113,10,Cat3,A3,13,03,Item de teste 1013
Produto 1014,1114,10,Cat4,A4,14,04,Item de teste 1014
Produto 1015,1115,10,Cat5,A0,15,05,Item de teste 1015
Produto 1016,1116,10,Cat6,A1,16,06,Item de teste 1016
Produto 1017,1117,10,Cat7,A2,17,07,Item de teste 1017
Produto 1018,1118,10,Cat8,A3,18,08,Item de teste 1018
Produto 1019,1119,10,Cat9,A4,19,09,Item de teste 1019
Produto 1020,1120,10,Cat0,A0,00,00,Item de teste 1020
Produto 1021,1121,10,Cat1,A1,01,01,Item de teste 1021
Produto 1022,1122,10,Cat2,A2,02,02,Item de teste 1022
Produto 1023,1123,10,Cat3,A3,03,03,Item de teste 1023
Produto 1024,1124,10,Cat4,A4,04,04,Item de teste 1024
Produto 1025,1125,10,Cat5,A0,05,05,Item de teste 1025
Produto 1026,1126,10,Cat6,A1,06,06,Item de teste 1026
Produto 1027,1127,10,Cat7,A2,07,07,Item de teste 1027
Produto 1028,1128,10,Cat8,A3,08,08,Item de teste 1028
Produto 1029,1129,10,Cat9,A4,09,09,Item de teste 1029
Produto 1030,1130,10,Cat0,A0,10,00,Item de teste 1030
Produto 1031,1131,10,Cat1,A1,11,01,Item de teste 1031
Produto 1032,1132,10,Cat2,A2,12,02,Item de teste 1032
Produto 1033,1133,10,Cat3,A3,13,03,Item de teste 1033
Produto 1034,1134,10,Cat4,A4,14,04,Item de teste 1034
Produto 1035,1135,10,Cat5,A0,15,05,Item de teste 1035
Produto 1036,1136,10,Cat6,A1,16,06,Item de teste 1036
Produto 1037,1137,10,Cat7,A2,17,07,Item de teste 1037
Produto 1038,1138,10,Cat8,A3,18,08,Item de teste 1038
Produto 1039,1139,10,Cat9,A4,19,09,Item de teste 1039
Produto 1040,1140,10,Cat0,A0,00,00,Item de teste 1040
Produto 1041,1141,10,Cat1,A1,01,01,Item de teste 1041
Produto 1042,1142,10,Cat2,A2,02,02,Item de teste 1042
Produto 1043,1143,10,Cat3,A3,03,03,Item de teste 1043
Produto 1044,1144,10,Cat4,A4,04,04,Item de teste 1044
Produto 1045,1145,10,Cat5,A0,05,05,Item de teste 1045
Produto 1046,1146,10,Cat6,A1,06,06,Item de teste 1046
Produto 1047,1147,10,Cat7,A2,07,07,Item de teste 1047
Produto 1048,1148,10,Cat8,A3,08,08,Item de teste 1048
Produto 1049,1149,10,Cat9,A4,09,09,Item de teste 1049
Produto 1050,1150,10,Cat0,A0,10,00,Item de teste 1050
Produto 1051,1151,10,Cat1,A1,11,01,Item de teste 1051
Produto 1052,1152,10,Cat2,A2,12,02,Item de teste 1052
Produto 1053,1153,10,Cat3,A3,13,03,Item de teste 1053
Produto 1054,1154,10,Cat4,A4,14,04,Item de teste 1054
Produto 1055,1155,10,Cat5,A0,15,05,Item de teste 1055
Produto 1056,1156,10,Cat6,A1,16,06,Item de teste 1056
Produto 1057,1157,10,Cat7,A2,17,07,Item de teste 1057
Produto 1058,1158,10,Cat8,A3,18,08,Item de teste 1058
Produto 1059,1159,10,Cat9,A4,19,09,Item de teste 1059
Produto 1060,1160,10,Cat0,A0,00,00,Item de teste 1060
Produto 1061,1161,10,Cat1,A1,01,01,Item de teste 1061
Produto 1062,1162,10,Cat2,A2,02,02,Item de teste 1062
Produto 1063,1163,10,Cat3,A3,03,03,Item de teste 1063
Produto 1064,1164,10,Cat4,A4,04,04,Item de teste 1064
Produto 1065,1165,10,Cat5,A0,05,05,Item de teste 1065
Produto 1066,1166,10,Cat6,A1,06,06,Item de teste 1066
Produto 1067,1167,10,Cat7,A2,07,07,Item de teste 1067
Produto 1068,1168,10,Cat8,A3,08,08,Item de teste 1068
Produto 1069,1169,10,Cat9,A4,09,09,Item de teste 1069
Produto 1070,1170,10,Cat0,A0,10,00,Item de teste 1070
Produto 1071,1171,10,Cat1,A1,11,01,Item de teste 1071
Produto 1072,1172,10,Cat2,A2,12,02,Item de teste 1072
Produto 1073,1173,10,Cat3,A3,13,03,Item de teste 1073
Produto 1074,1174,10,Cat4,A4,14,04,Item de teste 1074
Produto 1075,1175,10,Cat5,A0,15,05,Item de teste 1075
Produto 1076,1176,10,Cat6,A1,16,06,Item de teste 1076
Produto 1077,1177,10,Cat7,A2,17,07,Item de teste 1077
Produto 1078,1178,10,Cat8,A3,18,08,Item de teste 1078
Produto 1079,1179,10,Cat9,A4,19,09,Item de teste 1079
Produto 1080,1180,10,Cat0,A0,00,00,Item de teste 1080
Produto 1081,1181,10,Cat1,A1,01,01,Item de teste 1081
Produto 1082,1182,10,Cat2,A2,02,02,Item de teste 1082
Produto 1083,1183,10,Cat3,A3,03,03,Item de teste 1083
Produto 1084,1184,10,Cat4,A4,04,04,Item de teste 1084
Produto 1085,1185,10,Cat5,A0,05,05,Item de teste 1085
Produto 1086,1186,10,Cat6,A1,06,06,Item de teste 1086
Produto 1087,1187,10,Cat7,A2,07,07,Item de teste 1087
Produto 1088,1188,10,Cat8,A3,08,08,Item de teste 1088
Produto 1089,1189,10,Cat9,A4,09,09,Item de teste 1089
Produto 1090,1190,10,Cat0,A0,10,00,Item de teste 1090
Produto 1091,1191,10,Cat1,A1,11,01,Item de teste 1091
Produto 1092,1192,10,Cat2,A2,12,02,Item de teste 1092
Produto 1093,1193,10,Cat3,A3,13,03,Item de teste 1093
Produto 1094,1194,10,Cat4,A4,14,04,Item de teste 1094
Produto 1095,1195,10,Cat5,A0,15,05,Item de teste 1095
Produto 1096,1196,10,Cat6,A1,16,06,Item de teste 1096
Produto 1097,1197,10,Cat7,A2,17,07,Item de teste 1097
Produto 1098,1198,10,Cat8,A3,18,08,Item de teste 1098
Produto 1099,1199,10,Cat9,A4,19,09,Item de teste 1099
Produto 1100,1200,10,Cat0,A0,00,00,Item de teste 1100
Produto 1101,1201,10,Cat1,A1,01,01,Item de teste 1101
Produto 1102,1202,10,Cat2,A2,02,02,Item de teste 1102
Produto 1103,1203,10,Cat3,A3,03,03,Item de teste 1103
Produto 1104,1204,10,Cat4,A4,04,04,Item de teste 1104
Produto 1105,1205,10,Cat5,A0,05,05,Item de teste 1105
Produto 1106,1206,10,Cat6,A1,06,06,Item de teste 1106
Produto 1107,1207,10,Cat7,A2,07,07,Item de teste 1107
Produto 1108,1208,10,Cat8,A3,08,08,Item de teste 1108
Produto 1109,1209,10,Cat9,A4,09,09,Item de teste 1109
Produto 1110,1210,10,Cat0,A0,10,00,Item de teste 1110
Produto 1111,1211,10,Cat1,A1,11,01,Item de teste 1111
Produto 1112,1212,10,Cat2,A2,12,02,Item de teste 1112
Produto 1113,1213,10,Cat3,A3,13,03,Item de teste 1113
Produto 1114,1214,10,Cat4,A4,14,04,Item de teste 1114
Produto 1115,1215,10,Cat5,A0,15,05,Item de teste 1115
Produto 1116,1216,10,Cat6,A1,16,06,Item de teste 1116
Produto 1117,1217,10,Cat7,A2,17,07,Item de teste 1117
Produto 1118,1218,10,Cat8,A3,18,08,Item de teste 1118
Produto 1119,1219,10,Cat9,A4,19,09,Item de teste 1119
Produto 1120,1220,10,Cat0,A0,00,00,Item de teste 1120
Produto 1121,1221,10,Cat1,A1,01,01,Item de teste 1121
Produto 1122,1222,10,Cat2,A2,02,02,Item de teste 1122
Produto 1123,1223,10,Cat3,A3,03,03,Item de teste 1123
Produto 1124,1224,10,Cat4,A4,04,04,Item de teste 1124
Produto 1125,1225,10,Cat5,A0,05,05,Item de teste 1125
Produto 1126,1226,10,Cat6,A1,06,06,Item de teste 1126
Produto 1127,1227,10,Cat7,A2,07,07,Item de teste 1127
Produto 1128,1228,10,Cat8,A3,08,08,Item de teste 1128
Produto 1129,1229,10,Cat9,A4,09,09,Item de teste 1129
Produto 1130,1230,10,Cat0,A0,10,00,Item de teste 1130
Produto 1131,1231,10,Cat1,A1,11,01,Item de teste 1131
Produto 1132,1232,10,Cat2,A2,12,02,Item de teste 1132
Produto 1133,1233,10,Cat3,A3,13,03,Item de teste 1133
Produto 1134,1234,10,Cat4,A4,14,04,Item de teste 1134
Produto 1135,1235,10,Cat5,A0,15,05,Item de teste 1135
Produto 1136,1236,10,Cat6,A1,16,06,Item de teste 1136
Produto 1137,1237,10,Cat7,A2,17,07,Item de teste 1137
Produto 1138,1238,10,Cat8,A3,18,08,Item de teste 1138
Produto 1139,1239,10,Cat9,A4,19,09,Item de teste 1139
Produto 1140,1240,10,Cat0,A0,00,00,Item de teste 1140
Produto 1141,1241,10,Cat1,A1,01,01,Item de teste 1141
Produto 1142,1242,10,Cat2,A2,02,02,Item de teste 1142
Produto 1143,1243,10,Cat3,A3,03,03,Item de teste 1143
Produto 1144,1244,10,Cat4,A4,04,04,Item de teste 1144
Produto 1145,1245,10,Cat5,A0,05,05,Item de teste 1145
Produto 1146,1246,10,Cat6,A1,06,06,Item de teste 1146
Produto 1147,1247,10,Cat7,A2,07,07,Item de teste 1147
Produto 1148,1248,10,Cat8,A3,08,08,Item de teste 1148
Produto 1149,1249,10,Cat9,A4,09,09,Item de teste 1149
Produto 1150,1250,10,Cat0,A0,10,00,Item de teste 1150
Produto 1151,1251,10,Cat1,A1,11,01,Item de teste 1151
Produto 1152,1252,10,Cat2,A2,12,02,Item de teste 1152
Produto 1153,1253,10,Cat3,A3,13,03,Item de teste 1153
Produto 1154,1254,10,Cat4,A4,14,04,Item de teste 1154
Produto 1155,1255,10,Cat5,A0,15,05,Item de teste 1155
Produto 1156,1256,10,Cat6,A1,16,06,Item de teste 1156
Produto 1157,1257,10,Cat7,A2,17,07,Item de teste 1157
Produto 1158,1258,10,Cat8,A3,18,08,Item de teste 1158
Produto 1159,1259,10,Cat9,A4,19,09,Item de teste 1159
Produto 1160,1260,10,Cat0,A0,00,00,Item de teste 1160
Produto 1161,1261,10,Cat1,A1,01,01,Item de teste 1161
Produto 1162,1262,10,Cat2,A2,02,02,Item de teste 1162
Produto 1163,1263,10,Cat3,A3,03,03,Item de teste 1163
Produto 1164,1264,10,Cat4,A4,04,04,Item de teste 1164
Produto 1165,1265,10,Cat5,A0,05,05,Item de teste 1165
Produto 1166,1266,10,Cat6,A1,06,06,Item de teste 1166
Produto 1167,1267,10,Cat7,A2,07,07,Item de teste 1167
Produto 1168,1268,10,Cat8,A3,08,08,Item de teste 1168
Produto 1169,1269,10,Cat9,A4,09,09,Item de teste 1169
Produto 1170,1270,10,Cat0,A0,10,00,Item de teste 1170
Produto 1171,1271,10,Cat1,A1,11,01,Item de teste 1171
Produto 1172,1272,10,Cat2,A2,12,02,Item de teste 1172
Produto 1173,1273,10,Cat3,A3,13,03,Item de teste 1173
Produto 1174,1274,10,Cat4,A4,14,04,Item de teste 1174
Produto 1175,1275,10,Cat5,A0,15,05,Item de teste 1175
Produto 1176,1276,10,Cat6,A1,16,06,Item de teste 1176
Produto 1177,1277,10,Cat7,A2,17,07,Item de teste 1177
Produto 1178,1278,10,Cat8,A3,18,08,Item de teste 1178
Produto 1179,1279,10,Cat9,A4,19,09,Item de teste 1179
Produto 1180,1280,10,Cat0,A0,00,00,Item de teste 1180
Produto 1181,1281,10,Cat1,A1,01,01,Item de teste 1181
Produto 1182,1282,10,Cat2,A2,02,02,Item de teste 1182
Produto 1183,1283,10,Cat3,A3,03,03,Item de teste 1183
Produto 1184,1284,10,Cat4,A4,04,04,Item de teste 1184
Produto 1185,1285,10,Cat5,A0,05,05,Item de teste 1185
Produto 1186,1286,10,Cat6,A1,06,06,Item de teste 1186
Produto 1187,1287,10,Cat7,A2,07,07,Item de teste 1187
Produto 1188,1288,10,Cat8,A3,08,08,Item de teste 1188
Produto 1189,1289,10,Cat9,A4,09,09,Item de teste 1189
Produto 1190,1290,10,Cat0,A0,10,00,Item de teste 1190
Produto 1191,1291,10,Cat1,A1,11,01,Item de teste 1191
Produto 1192,1292,10,Cat2,A2,12,02,Item de teste 1192
Produto 1193,1293,10,Cat3,A3,13,03,Item de teste 1193
Produto 1194,1294,10,Cat4,A4,14,04,Item de teste 1194
Produto 1195,1295,10,Cat5,A0,15,05,Item de teste 1195
Produto 1196,1296,10,Cat6,A1,16,06,Item de teste 1196
Produto 1197,1297,10,Cat7,A2,17,07,Item de teste 1197
Produto 1198,1298,10,Cat8,A3,18,08,Item de teste 1198
Produto 1199,1299,10,Cat9,A4,19,09,Item de teste 1199
Produto 1200,1300,10,Cat0,A0,00,00,Item de teste 1200
Produto 1201,1301,10,Cat1,A1,01,01,Item de teste 1201
Produto 1202,1302,10,Cat2,A2,02,02,Item de teste 1202
Produto 1203,1303,10,Cat3,A3,03,03,Item de teste 1203
Produto 1204,1304,10,Cat4,A4,04,04,Item de teste 1204
Produto 1205,1305,10,Cat5,A0,05,05,Item de teste 1205
Produto 1206,1306,10,Cat6,A1,06,06,Item de teste 1206
Produto 1207,1307,10,Cat7,A2,07,07,Item de teste 1207
Produto 1208,1308,10,Cat8,A3,08,08,Item de teste 1208
Produto 1209,1309,10,Cat9,A4,09,09,Item de teste 1209
Produto 1210,1310,10,Cat0,A0,10,00,Item de teste 1210
Produto 1211,1311,10,Cat1,A1,11,01,Item de teste 1211
Produto 1212,1312,10,Cat2,A2,12,02,Item de teste 1212
Produto 1213,1313,10,Cat3,A3,13,03,Item de teste 1213
Produto 1214,1314,10,Cat4,A4,14,04,Item de teste 1214
Produto 1215,1315,10,Cat5,A0,15,05,Item de teste 1215
Produto 1216,1316,10,Cat6,A1,16,06,Item de teste 1216
Produto 1217,1317,10,Cat7,A2,17,07,Item de teste 1217
Produto 1218,1318,10,Cat8,A3,18,08,Item de teste 1218
Produto 1219,1319,10,Cat9,A4,19,09,Item de teste 1219
Produto 1220,1320,10,Cat0,A0,00,00,Item de teste 1220
Produto 1221,1321,10,Cat1,A1,01,01,Item de teste 1221
Produto 1222,1322,10,Cat2,A2,02,02,Item de teste 1222
Produto 1223,1323,10,Cat3,A3,03,03,Item de teste 1223
Produto 1224,1324,10,Cat4,A4,04,04,Item de teste 1224
Produto 1225,1325,10,Cat5,A0,05,05,Item de teste 1225
Produto 1226,1326,10,Cat6,A1,06,06,Item de teste 1226
Produto 1227,1327,10,Cat7,A2,07,07,Item de teste 1227
Produto 1228,1328,10,Cat8,A3,08,08,Item de teste 1228
Produto 1229,1329,10,Cat9,A4,09,09,Item de teste 1229
Produto 1230,1330,10,Cat0,A0,10,00,Item de teste 1230
Produto 1231,1331,10,Cat1,A1,11,01,Item de teste 1231
Produto 1232,1332,10,Cat2,A2,12,02,Item de teste 1232
Produto 1233,1333,10,Cat3,A3,13,03,Item de teste 1233
Produto 1234,1334,10,Cat4,A4,14,04,Item de teste 1234
Produto 1235,1335,10,Cat5,A0,15,05,Item de teste 1235
Produto 1236,1336,10,Cat6,A1,16,06,Item de teste 1236
Produto 1237,1337,10,Cat7,A2,17,07,Item de teste 1237
Produto 1238,1338,10,Cat8,A3,18,08,Item de teste 1238
Produto 1239,1339,10,Cat9,A4,19,09,Item de teste 1239
Produto 1240,1340,10,Cat0,A0,00,00,Item de teste 1240
Produto 1241,1341,10,Cat1,A1,01,01,Item de teste 1241
Produto 1242,1342,10,Cat2,A2,02,02,Item de teste 1242
Produto 1243,1343,10,Cat3,A3,03,03,Item de teste 1243
Produto 1244,1344,10,Cat4,A4,04,04,Item de teste 1244
Produto 1245,1345,10,Cat5,A0,05,05,Item de teste 1245
Produto 1246,1346,10,Cat6,A1,06,06,Item de teste 1246
Produto 1247,1347,10,Cat7,A2,07,07,Item de teste 1247
Produto 1248,1348,10,Cat8,A3,08,08,Item de teste 1248
Produto 1249,1349,10,Cat9,A4,09,09,Item de teste 1249
Produto 1250,1350,10,Cat0,A0,10,00,Item de teste 1250
Produto 1251,1351,10,Cat1,A1,11,01,Item de teste 1251
Produto 1252,1352,10,Cat2,A2,12,02,Item de teste 1252
Produto 1253,1353,10,Cat3,A3,13,03,Item de teste 1253
Produto 1254,1354,10,Cat4,A4,14,04,Item de teste 1254
Produto 1255,1355,10,Cat5,A0,15,05,Item de teste 1255
Produto 1256,1356,10,Cat6,A1,16,06,Item de teste 1256
Produto 1257,1357,10,Cat7,A2,17,07,Item de teste 1257
Produto 1258,1358,10,Cat8,A3,18,08,Item de teste 1258
Produto 1259,1359,10,Cat9,A4,19,09,Item de teste 1259
Produto 1260,1360,10,Cat0,A0,00,00,Item de teste 1260
Produto 1261,1361,10,Cat1,A1,01,01,Item de teste 1261
Produto 1262,1362,10,Cat2,A2,02,02,Item de teste 1262
Produto 1263,1363,10,Cat3,A3,03,03,Item de teste 1263
Produto 1264,1364,10,Cat4,A4,04,04,Item de teste 1264
Produto 1265,1365,10,Cat5,A0,05,05,Item de teste 1265
Produto 1266,1366,10,Cat6,A1,06,06,Item de teste 1266
Produto 1267,1367,10,Cat7,A2,07,07,Item de teste 1267
Produto 1268,1368,10,Cat8,A3,08,08,Item de teste 1268
Produto 1269,1369,10,Cat9,A4,09,09,Item de teste 1269
Produto 1270,1370,10,Cat0,A0,10,00,Item de teste 1270
Produto 1271,1371,10,Cat1,A1,11,01,Item de teste 1271
Produto 1272,1372,10,Cat2,A2,12,02,Item de teste 1272
Produto 1273,1373,10,Cat3,A3,13,03,Item de teste 1273
Produto 1274,1374,10,Cat4,A4,14,04,Item de teste 1274
Produto 1275,1375,10,Cat5,A0,15,05,Item de teste 1275
Produto 1276,1376,10,Cat6,A1,16,06,Item de teste 1276
Produto 1277,1377,10,Cat7,A2,17,07,Item de teste 1277
Produto 1278,1378,10,Cat8,A3,18,08,Item de teste 1278
Produto 1279,1379,10,Cat9,A4,19,09,Item de teste 1279
Produto 1280,1380,10,Cat0,A0,00,00,Item de teste 1280
Produto 1281,1381,10,Cat1,A1,01,01,Item de teste 1281
Produto 1282,1382,10,Cat2,A2,02,02,Item de teste 1282
Produto 1283,1383,10,Cat3,A3,03,03,Item de teste 1283
Produto 1284,1384,10,Cat4,A4,04,04,Item de teste 1284
Produto 1285,1385,10,Cat5,A0,05,05,Item de teste 1285
Produto 1286,1386,10,Cat6,A1,06,06,Item de teste 1286
Produto 1287,1387,10,Cat7,A2,07,07,Item de teste 1287
Produto 1288,1388,10,Cat8,A3,08,08,Item de teste 1288
Produto 1289,1389,10,Cat9,A4,09,09,Item de teste 1289
Produto 1290,1390,10,Cat0,A0,10,00,Item de teste 1290
Produto 1291,1391,10,Cat1,A1,11,01,Item de teste 1291
Produto 1292,1392,10,Cat2,A2,12,02,Item de teste 1292
Produto 1293,1393,10,Cat3,A3,13,03,Item de teste 1293
Produto 1294,1394,10,Cat4,A4,14,04,Item de teste 1294
Produto 1295,1395,10,Cat5,A0,15,05,Item de teste 1295
Produto 1296,1396,10,Cat6,A1,16,06,Item de teste 1296
Produto 1297,1397,10,Cat7,A2,17,07,Item de teste 1297
Produto 1298,1398,10,Cat8,A3,18,08,Item de teste 1298
Produto 1299,1399,10,Cat9,A4,19,09,Item de teste 1299
Produto 1300,1400,10,Cat0,A0,00,00,Item de teste 1300
Produto 1301,1401,10,Cat1,A1,01,01,Item de teste 1301
Produto 1302,1402,10,Cat2,A2,02,02,Item de teste 1302
Produto 1303,1403,10,Cat3,A3,03,03,Item de teste 1303
Produto 1304,1404,10,Cat4,A4,04,04,Item de teste 1304
Produto 1305,1405,10,Cat5,A0,05,05,Item de teste 1305
Produto 1306,1406,10,Cat6,A1,06,06,Item de teste 1306
Produto 1307,1407,10,Cat7,A2,07,07,Item de teste 1307
Produto 1308,1408,10,Cat8,A3,08,08,Item de teste 1308
Produto 1309,1409,10,Cat9,A4,09,09,Item de teste 1309
Produto 1310,1410,10,Cat0,A0,10,00,Item de teste 1310
Produto 1311,1411,10,Cat1,A1,11,01,Item de teste 1311
Produto 1312,1412,10,Cat2,A2,12,02,Item de teste 1312
Produto 1313,1413,10,Cat3,A3,13,03,Item de teste 1313
Produto 1314,1414,10,Cat4,A4,14,04,Item de teste 1314
Produto 1315,1415,10,Cat5,A0,15,05,Item de teste 1315
Produto 1316,1416,10,Cat6,A1,16,06,Item de teste 1316
Produto 1317,1417,10,Cat7,A2,17,07,Item de teste 1317
Produto 1318,1418,10,Cat8,A3,18,08,Item de teste 1318
Produto 1319,1419,10,Cat9,A4,19,09,Item de teste 1319
Produto 1320,1420,10,Cat0,A0,00,00,Item de teste 1320
Produto 1321,1421,10,Cat1,A1,01,01,Item de teste 1321
Produto 1322,1422,10,Cat2,A2,02,02,Item de teste 1322
Produto 1323,1423,10,Cat3,A3,03,03,Item de teste 1323
Produto 1324,1424,10,Cat4,A4,04,04,Item de teste 1324
Produto 1325,1425,10,Cat5,A0,05,05,Item de teste 1325
Produto 1326,1426,10,Cat6,A1,06,06,Item de teste 1326
Produto 1327,1427,10,Cat7,A2,07,07,Item de teste 1327
Produto 1328,1428,10,Cat8,A3,08,08,Item de teste 1328
Produto 1329,1429,10,Cat9,A4,09,09,Item de teste 1329
Produto 1330,1430,10,Cat0,A0,10,00,Item de teste 1330
Produto 1331,1431,10,Cat1,A1,11,01,Item de teste 1331
Produto 1332,1432,10,Cat2,A2,12,02,Item de teste 1332
Produto 1333,1433,10,Cat3,A3,13,03,Item de teste 1333
Produto 1334,1434,10,Cat4,A4,14,04,Item de teste 1334
Produto 1335,1435,10,Cat5,A0,15,05,Item de teste 1335
Produto 1336,1436,10,Cat6,A1,16,06,Item de teste 1336
Produto 1337,1437,10,Cat7,A2,17,07,Item de teste 1337
Produto 1338,1438,10,Cat8,A3,18,08,Item de teste 1338
Produto 1339,1439,10,Cat9,A4,19,09,Item de teste 1339
Produto 1340,1440,10,Cat0,A0,00,00,Item de teste 1340
Produto 1341,1441,10,Cat1,A1,01,01,Item de teste 1341
Produto 1342,1442,10,Cat2,A2,02,02,Item de teste 1342
Produto 1343,1443,10,Cat3,A3,03,03,Item de teste 1343
Produto 1344,1444,10,Cat4,A4,04,04,Item de teste 1344
Produto 1345,1445,10,Cat5,A0,05,05,Item de teste 1345
Produto 1346,1446,10,Cat6,A1,06,06,Item de teste 1346
Produto 1347,1447,10,Cat7,A2,07,07,Item de teste 1347
Produto 1348,1448,10,Cat8,A3,08,08,Item de teste 1348
Produto 1349,1449,10,Cat9,A4,09,09,Item de teste 1349
Produto 1350,1450,10,Cat0,A0,10,00,Item de teste 1350
Produto 1351,1451,10,Cat1,A1,11,01,Item de teste 1351
Produto 1352,1452,10,Cat2,A2,12,02,Item de teste 1352
Produto 1353,1453,10,Cat3,A3,13,03,Item de teste 1353
Produto 1354,1454,10,Cat4,A4,14,04,Item de teste 1354
Produto 1355,1455,10,Cat5,A0,15,05,Item de teste 1355
Produto 1356,1456,10,Cat6,A1,16,06,Item de teste 1356
Produto 1357,1457,10,Cat7,A2,17,07,Item de teste 1357
Produto 1358,1458,10,Cat8,A3,18,08,Item de teste 1358
Produto 1359,1459,10,Cat9,A4,19,09,Item de teste 1359
Produto 1360,1460,10,Cat0,A0,00,00,Item de teste 1360
Produto 1361,1461,10,Cat1,A1,01,01,Item de teste 1361
Produto 1362,1462,10,Cat2,A2,02,02,Item de teste 1362
Produto 1363,1463,10,Cat3,A3,03,03,Item de teste 1363
Produto 1364,1464,10,Cat4,A4,04,04,Item de teste 1364
Produto 1365,1465,10,Cat5,A0,05,05,Item de teste 1365
Produto 1366,1466,10,Cat6,A1,06,06,Item de teste 1366
Produto 1367,1467,10,Cat7,A2,07,07,Item de teste 1367
Produto 1368,1468,10,Cat8,A3,08,08,Item de teste 1368
Produto 1369,1469,10,Cat9,A4,09,09,Item de teste 1369
Produto 1370,1470,10,Cat0,A0,10,00,Item de teste 1370
Produto 1371,1471,10,Cat1,A1,11,01,Item de teste 1371
Produto 1372,1472,10,Cat2,A2,12,02,Item de teste 1372
Produto 1373,1473,10,Cat3,A3,13,03,Item de teste 1373
Produto 1374,1474,10,Cat4,A4,14,04,Item de teste 1374
Produto 1375,1475,10,Cat5,A0,15,05,Item de teste 1375
Produto 1376,1476,10,Cat6,A1,16,06,Item de teste 1376
Produto 1377,1477,10,Cat7,A2,17,07,Item de teste 1377
Produto 1378,1478,10,Cat8,A3,18,08,Item de teste 1378
Produto 1379,1479,10,Cat9,A4,19,09,Item de teste 1379
Produto 1380,1480,10,Cat0,A0,00,00,Item de teste 1380
Produto 1381,1481,10,Cat1,A1,01,01,Item de teste 1381
Produto 1382,1482,10,Cat2,A2,02,02,Item de teste 1382
Produto 1383,1483,10,Cat3,A3,03,03,Item de teste 1383
Produto 1384,1484,10,Cat4,A4,04,04,Item de teste 1384
Produto 1385,1485,10,Cat5,A0,05,05,Item de teste 1385
Produto 1386,1486,10,Cat6,A1,06,06,Item de teste 1386
Produto 1387,1487,10,Cat7,A2,07,07,Item de teste 1387
Produto 1388,1488,10,Cat8,A3,08,08,Item de teste 1388
Produto 1389,1489,10,Cat9,A4,09,09,Item de teste 1389
Produto 1390,1490,10,Cat0,A0,10,00,Item de teste 1390
Produto 1391,1491,10,Cat1,A1,11,01,Item de teste 1391
Produto 1392,1492,10,Cat2,A2,12,02,Item de teste 1392
Produto 1393,1493,10,Cat3,A3,13,03,Item de teste 1393
Produto 1394,1494,10,Cat4,A4,14,04,Item de teste 1394
Produto 1395,1495,10,Cat5,A0,15,05,Item de teste 1395
Produto 1396,1496,10,Cat6,A1,16,06,Item de teste 1396
Produto 1397,1497,10,Cat7,A2,17,07,Item de teste 1397
Produto 1398,1498,10,Cat8,A3,18,08,Item de teste 1398
Produto 1399,1499,10,Cat9,A4,19,09,Item de teste 1399
Produto 1400,1500,10,Cat0,A0,00,00,Item de teste 1400
Produto 1401,1501,10,Cat1,A1,01,01,Item de teste 1401
Produto 1402,1502,10,Cat2,A2,02,02,Item de teste 1402
Produto 1403,1503,10,Cat3,A3,03,03,Item de teste 1403
Produto 1404,1504,10,Cat4,A4,04,04,Item de teste 1404
Produto 1405,1505,10,Cat5,A0,05,05,Item de teste 1405
Produto 1406,1506,10,Cat6,A1,06,06,Item de teste 1406
Produto 1407,1507,10,Cat7,A2,07,07,Item de teste 1407
Produto 1408,1508,10,Cat8,A3,08,08,Item de teste 1408
Produto 1409,1509,10,Cat9,A4,09,09,Item de teste 1409
Produto 1410,1510,10,Cat0,A0,10,00,Item de teste 1410
Produto 1411,1511,10,Cat1,A1,11,01,Item de teste 1411
Produto 1412,1512,10,Cat2,A2,12,02,Item de teste 1412
Produto 1413,1513,10,Cat3,A3,13,03,Item de teste 1413
Produto 1414,1514,10,Cat4,A4,14,04,Item de teste 1414
Produto 1415,1515,10,Cat5,A0,15,05,Item de teste 1415
Produto 1416,1516,10,Cat6,A1,16,06,Item de teste 1416
Produto 1417,1517,10,Cat7,A2,17,07,Item de teste 1417
Produto 1418,1518,10,Cat8,A3,18,08,Item de teste 1418
Produto 1419,1519,10,Cat9,A4,19,09,Item de teste 1419
Produto 1420,1520,10,Cat0,A0,00,00,Item de teste 1420
Produto 1421,1521,10,Cat1,A1,01,01,Item de teste 1421
Produto 1422,1522,10,Cat2,A2,02,02,Item de teste 1422
Produto 1423,1523,10,Cat3,A3,03,03,Item de teste 1423
Produto 1424,1524,10,Cat4,A4,04,04,Item de teste 1424
Produto 1425,1525,10,Cat5,A0,05,05,Item de teste 1425
Produto 1426,1526,10,Cat6,A1,06,06,Item de teste 1426
Produto 1427,1527,10,Cat7,A2,07,07,Item de teste 1427
Produto 1428,1528,10,Cat8,A3,08,08,Item de teste 1428
Produto 1429,1529,10,Cat9,A4,09,09,Item de teste 1429
Produto 1430,1530,10,Cat0,A0,10,00,Item de teste 1430
Produto 1431,1531,10,Cat1,A1,11,01,Item de teste 1431
Produto 1432,1532,10,Cat2,A2,12,02,Item de teste 1432
Produto 1433,1533,10,Cat3,A3,13,03,Item de teste 1433
Produto 1434,1534,10,Cat4,A4,14,04,Item de teste 1434
Produto 1435,1535,10,Cat5,A0,15,05,Item de teste 1435
Produto 1436,1536,10,Cat6,A1,16,06,Item de teste 1436
Produto 1437,1537,10,Cat7,A2,17,07,Item de teste 1437
Produto 1438,1538,10,Cat8,A3,18,08,Item de teste 1438
Produto 1439,1539,10,Cat9,A4,19,09,Item de teste 1439
Produto 1440,1540,10,Cat0,A0,00,00,Item de teste 1440
Produto 1441,1541,10,Cat1,A1,01,01,Item de teste 1441
Produto 1442,1542,10,Cat2,A2,02,02,Item de teste 1442
Produto 1443,1543,10,Cat3,A3,03,03,Item de teste 1443
Produto 1444,1544,10,Cat4,A4,04,04,Item de teste 1444
Produto 1445,1545,10,Cat5,A0,05,05,Item de teste 1445
Produto 1446,1546,10,Cat6,A1,06,06,Item de teste 1446
Produto 1447,1547,10,Cat7,A2,07,07,Item de teste 1447
Produto 1448,1548,10,Cat8,A3,08,08,Item de teste 1448
Produto 1449,1549,10,Cat9,A4,09,09,Item de teste 1449
Produto 1450,1550,10,Cat0,A0,10,00,Item de teste 1450
Produto 1451,1551,10,Cat1,A1,11,01,Item de teste 1451
Produto 1452,1552,10,Cat2,A2,12,02,Item de teste 1452
Produto 1453,1553,10,Cat3,A3,13,03,Item de teste 1453
Produto 1454,1554,10,Cat4,A4,14,04,Item de teste 1454
Produto 1455,1555,10,Cat5,A0,15,05,Item de teste 1455
Produto 1456,1556,10,Cat6,A1,16,06,Item de teste 1456
Produto 1457,1557,10,Cat7,A2,17,07,Item de teste 1457
Produto 1458,1558,10,Cat8,A3,18,08,Item de teste 1458
Produto 1459,1559,10,Cat9,A4,19,09,Item de teste 1459
Produto 1460,1560,10,Cat0,A0,00,00,Item de teste 1460
Produto 1461,1561,10,Cat1,A1,01,01,Item de teste 1461
Produto 1462,1562,10,Cat2,A2,02,02,Item de teste 1462
Produto 1463,1563,10,Cat3,A3,03,03,Item de teste 1463
Produto 1464,1564,10,Cat4,A4,04,04,Item de teste 1464
Produto 1465,1565,10,Cat5,A0,05,05,Item de teste 1465
Produto 1466,1566,10,Cat6,A1,06,06,Item de teste 1466
Produto 1467,1567,10,Cat7,A2,07,07,Item de teste 1467
Produto 1468,1568,10,Cat8,A3,08,08,Item de teste 1468
Produto 1469,1569,10,Cat9,A4,09,09,Item de teste 1469
Produto 1470,1570,10,Cat0,A0,10,00,Item de teste 1470
Produto 1471,1571,10,Cat1,A1,11,01,Item de teste 1471
Produto 1472,1572,10,Cat2,A2,12,02,Item de teste 1472
Produto 1473,1573,10,Cat3,A3,13,03,Item de teste 1473
Produto 1474,1574,10,Cat4,A4,14,04,Item de teste 1474
Produto 1475,1575,10,Cat5,A0,15,05,Item de teste 1475
Produto 1476,1576,10,Cat6,A1,16,06,Item de teste 1476
Produto 1477,1577,10,Cat7,A2,17,07,Item de teste 1477
Produto 1478,1578,10,Cat8,A3,18,08,Item de teste 1478
Produto 1479,1579,10,Cat9,A4,19,09,Item de teste 1479
Produto 1480,1580,10,Cat0,A0,00,00,Item de teste 1480
Produto 1481,1581,10,Cat1,A1,01,01,Item de teste 1481
Produto 1482,1582,10,Cat2,A2,02,02,Item de teste 1482
Produto 1483,1583,10,Cat3,A3,03,03,Item de teste 1483
Produto 1484,1584,10,Cat4,A4,04,04,Item de teste 1484
Produto 1485,1585,10,Cat5,A0,05,05,Item de teste 1485
Produto 1486,1586,10,Cat6,A1,06,06,Item de teste 1486
Produto 1487,1587,10,Cat7,A2,07,07,Item de teste 1487
Produto 1488,1588,10,Cat8,A3,08,08,Item de teste 1488
Produto 1489,1589,10,Cat9,A4,09,09,Item de teste 1489
Produto 1490,1590,10,Cat0,A0,10,00,Item de teste 1490
Produto 1491,1591,10,Cat1,A1,11,01,Item de teste 1491
Produto 1492,1592,10,Cat2,A2,12,02,Item de teste 1492
Produto 1493,1593,10,Cat3,A3,13,03,Item de teste 1493
Produto 1494,1594,10,Cat4,A4,14,04,Item de teste 1494
Produto 1495,1595,10,Cat5,A0,15,05,Item de teste 1495
Produto 1496,1596,10,Cat6,A1,16,06,Item de teste 1496
Produto 1497,1597,10,Cat7,A2,17,07,Item de teste 1497
Produto 1498,1598,10,Cat8,A3,18,08,Item de teste 1498
Produto 1499,1599,10,Cat9,A4,19,09,Item de teste 1499
Produto 1500,1600,10,Cat0,A0,00,00,Item de teste 1500
Produto 1501,1601,10,Cat1,A1,01,01,Item de teste 1501
Produto 1502,1602,10,Cat2,A2,02,02,Item de teste 1502
Produto 1503,1603,10,Cat3,A3,03,03,Item de teste 1503
Produto 1504,1604,10,Cat4,A4,04,04,Item de teste 1504
Produto 1505,1605,10,Cat5,A0,05,05,Item de teste 1505
Produto 1506,1606,10,Cat6,A1,06,06,Item de teste 1506
Produto 1507,1607,10,Cat7,A2,07,07,Item de teste 1507
Produto 1508,1608,10,Cat8,A3,08,08,Item de teste 1508
Produto 1509,1609,10,Cat9,A4,09,09,Item de teste 1509
Produto 1510,1610,10,Cat0,A0,10,00,Item de teste 1510
Produto 1511,1611,10,Cat1,A1,11,01,Item de teste 1511
Produto 1512,1612,10,Cat2,A2,12,02,Item de teste 1512
Produto 1513,1613,10,Cat3,A3,13,03,Item de teste 1513
Produto 1514,1614,10,Cat4,A4,14,04,Item de teste 1514
Produto 1515,1615,10,Cat5,A0,15,05,Item de teste 1515
Produto 1516,1616,10,Cat6,A1,16,06,Item de teste 1516
Produto 1517,1617,10,Cat7,A2,17,07,Item de teste 1517
Produto 1518,1618,10,Cat8,A3,18,08,Item de teste 1518
Produto 1519,1619,10,Cat9,A4,19,09,Item de teste 1519
Produto 1520,1620,10,Cat0,A0,00,00,Item de teste 1520
Produto 1521,1621,10,Cat1,A1,01,01,Item de teste 1521
Produto 1522,1622,10,Cat2,A2,02,02,Item de teste 1522
Produto 1523,1623,10,Cat3,A3,03,03,Item de teste 1523
Produto 1524,1624,10,Cat4,A4,04,04,Item de teste 1524
Produto 1525,1625,10,Cat5,A0,05,05,Item de teste 1525
Produto 1526,1626,10,Cat6,A1,06,06,Item de teste 1526
Produto 1527,1627,10,Cat7,A2,07,07,Item de teste 1527
Produto 1528,1628,10,Cat8,A3,08,08,Item de teste 1528
Produto 1529,1629,10,Cat9,A4,09,09,Item de teste 1529
Produto 1530,1630,10,Cat0,A0,10,00,Item de teste 1530
Produto 1531,1631,10,Cat1,A1,11,01,Item de teste 1531
Produto 1532,1632,10,Cat2,A2,12,02,Item de teste 1532
Produto 1533,1633,10,Cat3,A3,13,03,Item de teste 1533
Produto 1534,1634,10,Cat4,A4,14,04,Item de teste 1534
Produto 1535,1635,10,Cat5,A0,15,05,Item de teste 1535
Produto 1536,1636,10,Cat6,A1,16,06,Item de teste 1536
Produto 1537,1637,10,Cat7,A2,17,07,Item de teste 1537
Produto 1538,1638,10,Cat8,A3,18,08,Item de teste 1538
Produto 1539,1639,10,Cat9,A4,19,09,Item de teste 1539
Produto 1540,1640,10,Cat0,A0,00,00,Item de teste 1540
Produto 1541,1641,10,Cat1,A1,01,01,Item de teste 1541
Produto 1542,1642,10,Cat2,A2,02,02,Item de teste 1542
Produto 1543,1643,10,Cat3,A3,03,03,Item de teste 1543
Produto 1544,1644,10,Cat4,A4,04,04,Item de teste 1544
Produto 1545,1645,10,Cat5,A0,05,05,Item de teste 1545
Produto 1546,1646,10,Cat6,A1,06,06,Item de teste 1546
Produto 1547,1647,10,Cat7,A2,07,07,Item de teste 1547
Produto 1548,1648,10,Cat8,A3,08,08,Item de teste 1548
Produto 1549,1649,10,Cat9,A4,09,09,Item de teste 1549
Produto 1550,1650,10,Cat0,A0,10,00,Item de teste 1550
Produto 1551,1651,10,Cat1,A1,11,01,Item de teste 1551
Produto 1552,1652,10,Cat2,A2,12,02,Item de teste 1552
Produto 1553,1653,10,Cat3,A3,13,03,Item de teste 1553
Produto 1554,1654,10,Cat4,A4,14,04,Item de teste 1554
Produto 1555,1655,10,Cat5,A0,15,05,Item de teste 1555
Produto 1556,1656,10,Cat6,A1,16,06,Item de teste 1556
Produto 1557,1657,10,Cat7,A2,17,07,Item de teste 1557
Produto 1558,1658,10,Cat8,A3,18,08,Item de teste 1558
Produto 1559,1659,10,Cat9,A4,19,09,Item de teste 1559
Produto 1560,1660,10,Cat0,A0,00,00,Item de teste 1560
Produto 1561,1661,10,Cat1,A1,01,01,Item de teste 1561
Produto 1562,1662,10,Cat2,A2,02,02,Item de teste 1562
Produto 1563,1663,10,Cat3,A3,03,03,Item de teste 1563
Produto 1564,1664,10,Cat4,A4,04,04,Item de teste 1564
Produto 1565,1665,10,Cat5,A0,05,05,Item de teste 1565
Produto 1566,1666,10,Cat6,A1,06,06,Item de teste 1566
Produto 1567,1667,10,Cat7,A2,07,07,Item de teste 1567
Produto 1568,1668,10,Cat8,A3,08,08,Item de teste 1568
Produto 1569,1669,10,Cat9,A4,09,09,Item de teste 1569
Produto 1570,1670,10,Cat0,A0,10,00,Item de teste 1570
Produto 1571,1671,10,Cat1,A1,11,01,Item de teste 1571
Produto 1572,1672,10,Cat2,A2,12,02,Item de teste 1572
Produto 1573,1673,10,Cat3,A3,13,03,Item de teste 1573
Produto 1574,1674,10,Cat4,A4,14,04,Item de teste 1574
Produto 1575,1675,10,Cat5,A0,15,05,Item de teste 1575
Produto 1576,1676,10,Cat6,A1,16,06,Item de teste 1576
Produto 1577,1677,10,Cat7,A2,17,07,Item de teste 1577
Produto 1578,1678,10,Cat8,A3,18,08,Item de teste 1578
Produto 1579,1679,10,Cat9,A4,19,09,Item de teste 1579
Produto 1580,1680,10,Cat0,A0,00,00,Item de teste 1580
Produto 1581,1681,10,Cat1,A1,01,01,Item de teste 1581
Produto 1582,1682,10,Cat2,A2,02,02,Item de teste 1582
Produto 1583,1683,10,Cat3,A3,03,03,Item de teste 1583
Produto 1584,1684,10,Cat4,A4,04,04,Item de teste 1584
Produto 1585,1685,10,Cat5,A0,05,05,Item de teste 1585
Produto 1586,1686,10,Cat6,A1,06,06,Item de teste 1586
Produto 1587,1687,10,Cat7,A2,07,07,Item de teste 1587
Produto 1588,1688,10,Cat8,A3,08,08,Item de teste 1588
Produto 1589,1689,10,Cat9,A4,09,09,Item de teste 1589
Produto 1590,1690,10,Cat0,A0,10,00,Item de teste 1590
Produto 1591,1691,10,Cat1,A1,11,01,Item de teste 1591
Produto 1592,1692,10,Cat2,A2,12,02,Item de teste 1592
Produto 1593,1693,10,Cat3,A3,13,03,Item de teste 1593
Produto 1594,1694,10,Cat4,A4,14,04,Item de teste 1594
Produto 1595,1695,10,Cat5,A0,15,05,Item de teste 1595
Produto 1596,1696,10,Cat6,A1,16,06,Item de teste 1596
Produto 1597,1697,10,Cat7,A2,17,07,Item de teste 1597
Produto 1598,1698,10,Cat8,A3,18,08,Item de teste 1598
Produto 1599,1699,10,Cat9,A4,19,09,Item de teste 1599
Produto 1600,1700,10,Cat0,A0,00,00,Item de teste 1600
Produto 1601,1701,10,Cat1,A1,01,01,Item de teste 1601
Produto 1602,1702,10,Cat2,A2,02,02,Item de teste 1602
Produto 1603,1703,10,Cat3,A3,03,03,Item de teste 1603
Produto 1604,1704,10,Cat4,A4,04,04,Item de teste 1604
Produto 1605,1705,10,Cat5,A0,05,05,Item de teste 1605
Produto 1606,1706,10,Cat6,A1,06,06,Item de teste 1606
Produto 1607,1707,10,Cat7,A2,07,07,Item de teste 1607
Produto 1608,1708,10,Cat8,A3,08,08,Item de teste 1608
Produto 1609,1709,10,Cat9,A4,09,09,Item de teste 1609
Produto 1610,1710,10,Cat0,A0,10,00,Item de teste 1610
Produto 1611,1711,10,Cat1,A1,11,01,Item de teste 1611
Produto 1612,1712,10,Cat2,A2,12,02,Item de teste 1612
Produto 1613,1713,10,Cat3,A3,13,03,Item de teste 1613
Produto 1614,1714,10,Cat4,A4,14,04,Item de teste 1614
Produto 1615,1715,10,Cat5,A0,15,05,Item de teste 1615
Produto 1616,1716,10,Cat6,A1,16,06,Item de teste 1616
Produto 1617,1717,10,Cat7,A2,17,07,Item de teste 1617
Produto 1618,1718,10,Cat8,A3,18,08,Item de teste 1618
Produto 1619,1719,10,Cat9,A4,19,09,Item de teste 1619
Produto 1620,1720,10,Cat0,A0,00,00,Item de teste 1620
Produto 1621,1721,10,Cat1,A1,01,01,Item de teste 1621
Produto 1622,1722,10,Cat2,A2,02,02,Item de teste 1622
Produto 1623,1723,10,Cat3,A3,03,03,Item de teste 1623
Produto 1624,1724,10,Cat4,A4,04,04,Item de teste 1624
Produto 1625,1725,10,Cat5,A0,05,05,Item de teste 1625
Produto 1626,1726,10,Cat6,A1,06,06,Item de teste 1626
Produto 1627,1727,10,Cat7,A2,07,07,Item de teste 1627
Produto 1628,1728,10,Cat8,A3,08,08,Item de teste 1628
Produto 1629,1729,10,Cat9,A4,09,09,Item de teste 1629
Produto 1630,1730,10,Cat0,A0,10,00,Item de teste 1630
Produto 1631,1731,10,Cat1,A1,11,01,Item de teste 1631
Produto 1632,1732,10,Cat2,A2,12,02,Item de teste 1632
Produto 1633,1733,10,Cat3,A3,13,03,Item de teste 1633
Produto 1634,1734,10,Cat4,A4,14,04,Item de teste 1634
Produto 1635,1735,10,Cat5,A0,15,05,Item de teste 1635
Produto 1636,1736,10,Cat6,A1,16,06,Item de teste 1636
Produto 1637,1737,10,Cat7,A2,17,07,Item de teste 1637
Produto 1638,1738,10,Cat8,A3,18,08,Item de teste 1638
Produto 1639,1739,10,Cat9,A4,19,09,Item de teste 1639
Produto 1640,1740,10,Cat0,A0,00,00,Item de teste 1640
Produto 1641,1741,10,Cat1,A1,01,01,Item de teste 1641
Produto 1642,1742,10,Cat2,A2,02,02,Item de teste 1642
Produto 1643,1743,10,Cat3,A3,03,03,Item de teste 1643
Produto 1644,1744,10,Cat4,A4,04,04,Item de teste 1644
Produto 1645,1745,10,Cat5,A0,05,05,Item de teste 1645
Produto 1646,1746,10,Cat6,A1,06,06,Item de teste 1646
Produto 1647,1747,10,Cat7,A2,07,07,Item de teste 1647
Produto 1648,1748,10,Cat8,A3,08,08,Item de teste 1648
Produto 1649,1749,10,Cat9,A4,09,09,Item de teste 1649
Produto 1650,1750,10,Cat0,A0,10,00,Item de teste 1650
Produto 1651,1751,10,Cat1,A1,11,01,Item de teste 1651
Produto 1652,1752,10,Cat2,A2,12,02,Item de teste 1652
Produto 1653,1753,10,Cat3,A3,13,03,Item de teste 1653
Produto 1654,1754,10,Cat4,A4,14,04,Item de teste 1654
Produto 1655,1755,10,Cat5,A0,15,05,Item de teste 1655
Produto 1656,1756,10,Cat6,A1,16,06,Item de teste 1656
Produto 1657,1757,10,Cat7,A2,17,07,Item de teste 1657
Produto 1658,1758,10,Cat8,A3,18,08,Item de teste 1658
Produto 1659,1759,10,Cat9,A4,19,09,Item de teste 1659
Produto 1660,1760,10,Cat0,A0,00,00,Item de teste 1660
Produto 1661,1761,10,Cat1,A1,01,01,Item de teste 1661
Produto 1662,1762,10,Cat2,A2,02,02,Item de teste 1662
Produto 1663,1763,10,Cat3,A3,03,03,Item de teste 1663
Produto 1664,1764,10,Cat4,A4,04,04,Item de teste 1664
Produto 1665,1765,10,Cat5,A0,05,05,Item de teste 1665
Produto 1666,1766,10,Cat6,A1,06,06,Item de teste 1666
Produto 1667,1767,10,Cat7,A2,07,07,Item de teste 1667
Produto 1668,1768,10,Cat8,A3,08,08,Item de teste 1668
Produto 1669,1769,10,Cat9,A4,09,09,Item de teste 1669
Produto 1670,1770,10,Cat0,A0,10,00,Item de teste 1670
Produto 1671,1771,10,Cat1,A1,11,01,Item de teste 1671
Produto 1672,1772,10,Cat2,A2,12,02,Item de teste 1672
Produto 1673,1773,10,Cat3,A3,13,03,Item de teste 1673
Produto 1674,1774,10,Cat4,A4,14,04,Item de teste 1674
Produto 1675,1775,10,Cat5,A0,15,05,Item de teste 1675
Produto 1676,1776,10,Cat6,A1,16,06,Item de teste 1676
Produto 1677,1777,10,Cat7,A2,17,07,Item de teste 1677
Produto 1678,1778,10,Cat8,A3,18,08,Item de teste 1678
Produto 1679,1779,10,Cat9,A4,19,09,Item de teste 1679
Produto 1680,1780,10,Cat0,A0,00,00,Item de teste 1680
Produto 1681,1781,10,Cat1,A1,01,01,Item de teste 1681
Produto 1682,1782,10,Cat2,A2,02,02,Item de teste 1682
Produto 1683,1783,10,Cat3,A3,03,03,Item de teste 1683
Produto 1684,1784,10,Cat4,A4,04,04,Item de teste 1684
Produto 1685,1785,10,Cat5,A0,05,05,Item de teste 1685
Produto 1686,1786,10,Cat6,A1,06,06,Item de teste 1686
Produto 1687,1787,10,Cat7,A2,07,07,Item de teste 1687
Produto 1688,1788,10,Cat8,A3,08,08,Item de teste 1688
Produto 1689,1789,10,Cat9,A4,09,09,Item de teste 1689
Produto 1690,1790,10,Cat0,A0,10,00,Item de teste 1690
Produto 1691,1791,10,Cat1,A1,11,01,Item de teste 1691
Produto 1692,1792,10,Cat2,A2,12,02,Item de teste 1692
Produto 1693,1793,10,Cat3,A3,13,03,Item de teste 1693
Produto 1694,1794,10,Cat4,A4,14,04,Item de teste 1694
Produto 1695,1795,10,Cat5,A0,15,05,Item de teste 1695
Produto 1696,1796,10,Cat6,A1,16,06,Item de teste 1696
Produto 1697,1797,10,Cat7,A2,17,07,Item de teste 1697
Produto 1698,1798,10,Cat8,A3,18,08,Item de teste 1698
Produto 1699,1799,10,Cat9,A4,19,09,Item de teste 1699
Produto 1700,1800,10,Cat0,A0,00,00,Item de teste 1700
Produto 1701,1801,10,Cat1,A1,01,01,Item de teste 1701
Produto 1702,1802,10,Cat2,A2,02,02,Item de teste 1702
Produto 1703,1803,10,Cat3,A3,03,03,Item de teste 1703
Produto 1704,1804,10,Cat4,A4,04,04,Item de teste 1704
Produto 1705,1805,10,Cat5,A0,05,05,Item de teste 1705
Produto 1706,1806,10,Cat6,A1,06,06,Item de teste 1706
Produto 1707,1807,10,Cat7,A2,07,07,Item de teste 1707
Produto 1708,1808,10,Cat8,A3,08,08,Item de teste 1708
Produto 1709,1809,10,Cat9,A4,09,09,Item de teste 1709
Produto 1710,1810,10,Cat0,A0,10,00,Item de teste 1710
Produto 1711,1811,10,Cat1,A1,11,01,Item de teste 1711
Produto 1712,1812,10,Cat2,A2,12,02,Item de teste 1712
Produto 1713,1813,10,Cat3,A3,13,03,Item de teste 1713
Produto 1714,1814,10,Cat4,A4,14,04,Item de teste 1714
Produto 1715,1815,10,Cat5,A0,15,05,Item de teste 1715
Produto 1716,1816,10,Cat6,A1,16,06,Item de teste 1716
Produto 1717,1817,10,Cat7,A2,17,07,Item de teste 1717
Produto 1718,1818,10,Cat8,A3,18,08,Item de teste 1718
Produto 1719,1819,10,Cat9,A4,19,09,Item de teste 1719
Produto 1720,1820,10,Cat0,A0,00,00,Item de teste 1720
Produto 1721,1821,10,Cat1,A1,01,01,Item de teste 1721
Produto 1722,1822,10,Cat2,A2,02,02,Item de teste 1722
Produto 1723,1823,10,Cat3,A3,03,03,Item de teste 1723
Produto 1724,1824,10,Cat4,A4,04,04,Item de teste 1724
Produto 1725,1825,10,Cat5,A0,05,05,Item de teste 1725
Produto 1726,1826,10,Cat6,A1,06,06,Item de teste 1726
Produto 1727,1827,10,Cat7,A2,07,07,Item de teste 1727
Produto 1728,1828,10,Cat8,A3,08,08,Item de teste 1728
Produto 1729,1829,10,Cat9,A4,09,09,Item de teste 1729
Produto 1730,1830,10,Cat0,A0,10,00,Item de teste 1730
Produto 1731,1831,10,Cat1,A1,11,01,Item de teste 1731
Produto 1732,1832,10,Cat2,A2,12,02,Item de teste 1732
Produto 1733,1833,10,Cat3,A3,13,03,Item de teste 1733
Produto 1734,1834,10,Cat4,A4,14,04,Item de teste 1734
Produto 1735,1835,10,Cat5,A0,15,05,Item de teste 1735
Produto 1736,1836,10,Cat6,A1,16,06,Item de teste 1736
Produto 1737,1837,10,Cat7,A2,17,07,Item de teste 1737
Produto 1738,1838,10,Cat8,A3,18,08,Item de teste 1738
Produto 1739,1839,10,Cat9,A4,19,09,Item de teste 1739
Produto 1740,1840,10,Cat0,A0,00,00,Item de teste 1740
Produto 1741,1841,10,Cat1,A1,01,01,Item de teste 1741
Produto 1742,1842,10,Cat2,A2,02,02,Item de teste 1742
Produto 1743,1843,10,Cat3,A3,03,03,Item de teste 1743
Produto 1744,1844,10,Cat4,A4,04,04,Item de teste 1744
Produto 1745,1845,10,Cat5,A0,05,05,Item de teste 1745
Produto 1746,1846,10,Cat6,A1,06,06,Item de teste 1746
Produto 1747,1847,10,Cat7,A2,07,07,Item de teste 1747
Produto 1748,1848,10,Cat8,A3,08,08,Item de teste 1748
Produto 1749,1849,10,Cat9,A4,09,09,Item de teste 1749
Produto 1750,1850,10,Cat0,A0,10,00,Item de teste 1750
Produto 1751,1851,10,Cat1,A1,11,01,Item de teste 1751
Produto 1752,1852,10,Cat2,A2,12,02,Item de teste 1752
Produto 1753,1853,10,Cat3,A3,13,03,Item de teste 1753
Produto 1754,1854,10,Cat4,A4,14,04,Item de teste 1754
Produto 1755,1855,10,Cat5,A0,15,05,Item de teste 1755
Produto 1756,1856,10,Cat6,A1,16,06,Item de teste 1756
Produto 1757,1857,10,Cat7,A2,17,07,Item de teste 1757
Produto 1758,1858,10,Cat8,A3,18,08,Item de teste 1758
Produto 1759,1859,10,Cat9,A4,19,09,Item de teste 1759
Produto 1760,1860,10,Cat0,A0,00,00,Item de teste 1760
Produto 1761,1861,10,Cat1,A1,01,01,Item de teste 1761
Produto 1762,1862,10,Cat2,A2,02,02,Item de teste 1762
Produto 1763,1863,10,Cat3,A3,03,03,Item de teste 1763
Produto 1764,1864,10,Cat4,A4,04,04,Item de teste 1764
Produto 1765,1865,10,Cat5,A0,05,05,Item de teste 1765
Produto 1766,1866,10,Cat6,A1,06,06,Item de teste 1766
Produto 1767,1867,10,Cat7,A2,07,07,Item de teste 1767
Produto 1768,1868,10,Cat8,A3,08,08,Item de teste 1768
Produto 1769,1869,10,Cat9,A4,09,09,Item de teste 1769
Produto 1770,1870,10,Cat0,A0,10,00,Item de teste 1770
Produto 1771,1871,10,Cat1,A1,11,01,Item de teste 1771
Produto 1772,1872,10,Cat2,A2,12,02,Item de teste 1772
Produto 1773,1873,10,Cat3,A3,13,03,Item de teste 1773
Produto 1774,1874,10,Cat4,A4,14,04,Item de teste 1774
Produto 1775,1875,10,Cat5,A0,15,05,Item de teste 1775
Produto 1776,1876,10,Cat6,A1,16,06,Item de teste 1776
Produto 1777,1877,10,Cat7,A2,17,07,Item de teste 1777
Produto 1778,1878,10,Cat8,A3,18,08,Item de teste 1778
Produto 1779,1879,10,Cat9,A4,19,09,Item de teste 1779
Produto 1780,1880,10,Cat0,A0,00,00,Item de teste 1780
Produto 1781,1881,10,Cat1,A1,01,01,Item de teste 1781
Produto 1782,1882,10,Cat2,A2,02,02,Item de teste 1782
Produto 1783,1883,10,Cat3,A3,03,03,Item de teste 1783
Produto 1784,1884,10,Cat4,A4,04,04,Item de teste 1784
Produto 1785,1885,10,Cat5,A0,05,05,Item de teste 1785
Produto 1786,1886,10,Cat6,A1,06,06,Item de teste 1786
Produto 1787,1887,10,Cat7,A2,07,07,Item de teste 1787
Produto 1788,1888,10,Cat8,A3,08,08,Item de teste 1788
Produto 1789,1889,10,Cat9,A4,09,09,Item de teste 1789
Produto 1790,1890,10,Cat0,A0,10,00,Item de teste 1790
Produto 1791,1891,10,Cat1,A1,11,01,Item de teste 1791
Produto 1792,1892,10,Cat2,A2,12,02,Item de teste 1792
Produto 1793,1893,10,Cat3,A3,13,03,Item de teste 1793
Produto 1794,1894,10,Cat4,A4,14,04,Item de teste 1794
Produto 1795,1895,10,Cat5,A0,15,05,Item de teste 1795
Produto 1796,1896,10,Cat6,A1,16,06,Item de teste 1796
Produto 1797,1897,10,Cat7,A2,17,07,Item de teste 1797
Produto 1798,1898,10,Cat8,A3,18,08,Item de teste 1798
Produto 1799,1899,10,Cat9,A4,19,09,Item de teste 1799
Produto 1800,1900,10,Cat0,A0,00,00,Item de teste 1800
Produto 1801,1901,10,Cat1,A1,01,01,Item de teste 1801
Produto 1802,1902,10,Cat2,A2,02,02,Item de teste 1802
Produto 1803,1903,10,Cat3,A3,03,03,Item de teste 1803
Produto 1804,1904,10,Cat4,A4,04,04,Item de teste 1804
Produto 1805,1905,10,Cat5,A0,05,05,Item de teste 1805
Produto 1806,1906,10,Cat6,A1,06,06,Item de teste 1806
Produto 1807,1907,10,Cat7,A2,07,07,Item de teste 1807
Produto 1808,1908,10,Cat8,A3,08,08,Item de teste 1808
Produto 1809,1909,10,Cat9,A4,09,09,Item de teste 1809
Produto 1810,1910,10,Cat0,A0,10,00,Item de teste 1810
Produto 1811,1911,10,Cat1,A1,11,01,Item de teste 1811
Produto 1812,1912,10,Cat2,A2,12,02,Item de teste 1812
Produto 1813,1913,10,Cat3,A3,13,03,Item de teste 1813
Produto 1814,1914,10,Cat4,A4,14,04,Item de teste 1814
Produto 1815,1915,10,Cat5,A0,15,05,Item de teste 1815
Produto 1816,1916,10,Cat6,A1,16,06,Item de teste 1816
Produto 1817,1917,10,Cat7,A2,17,07,Item de teste 1817
Produto 1818,1918,10,Cat8,A3,18,08,Item de teste 1818
Produto 1819,1919,10,Cat9,A4,19,09,Item de teste 1819
Produto 1820,1920,10,Cat0,A0,00,00,Item de teste 1820
Produto 1821,1921,10,Cat1,A1,01,01,Item de teste 1821
Produto 1822,1922,10,Cat2,A2,02,02,Item de teste 1822
Produto 1823,1923,10,Cat3,A3,03,03,Item de teste 1823
Produto 1824,1924,10,Cat4,A4,04,04,Item de teste 1824
Produto 1825,1925,10,Cat5,A0,05,05,Item de teste 1825
Produto 1826,1926,10,Cat6,A1,06,06,Item de teste 1826
Produto 1827,1927,10,Cat7,A2,07,07,Item de teste 1827
Produto 1828,1928,10,Cat8,A3,08,08,Item de teste 1828
Produto 1829,1929,10,Cat9,A4,09,09,Item de teste 1829
Produto 1830,1930,10,Cat0,A0,10,00,Item de teste 1830
Produto 1831,1931,10,Cat1,A1,11,01,Item de teste 1831
Produto 1832,1932,10,Cat2,A2,12,02,Item de teste 1832
Produto 1833,1933,10,Cat3,A3,13,03,Item de teste 1833
Produto 1834,1934,10,Cat4,A4,14,04,Item de teste 1834
Produto 1835,1935,10,Cat5,A0,15,05,Item de teste 1835
Produto 1836,1936,10,Cat6,A1,16,06,Item de teste 1836
Produto 1837,1937,10,Cat7,A2,17,07,Item de teste 1837
Produto 1838,1938,10,Cat8,A3,18,08,Item de teste 1838
Produto 1839,1939,10,Cat9,A4,19,09,Item de teste 1839
Produto 1840,1940,10,Cat0,A0,00,00,Item de teste 1840
Produto 1841,1941,10,Cat1,A1,01,01,Item de teste 1841
Produto 1842,1942,10,Cat2,A2,02,02,Item de teste 1842
Produto 1843,1943,10,Cat3,A3,03,03,Item de teste 1843
Produto 1844,1944,10,Cat4,A4,04,04,Item de teste 1844
Produto 1845,1945,10,Cat5,A0,05,05,Item de teste 1845
Produto 1846,1946,10,Cat6,A1,06,06,Item de teste 1846
Produto 1847,1947,10,Cat7,A2,07,07,Item de teste 1847
Produto 1848,1948,10,Cat8,A3,08,08,Item de teste 1848
Produto 1849,1949,10,Cat9,A4,09,09,Item de teste 1849
Produto 1850,1950,10,Cat0,A0,10,00,Item de teste 1850
Produto 1851,1951,10,Cat1,A1,11,01,Item de teste 1851
Produto 1852,1952,10,Cat2,A2,12,02,Item de teste 1852
Produto 1853,1953,10,Cat3,A3,13,03,Item de teste 1853
Produto 1854,1954,10,Cat4,A4,14,04,Item de teste 1854
Produto 1855,1955,10,Cat5,A0,15,05,Item de teste 1855
Produto 1856,1956,10,Cat6,A1,16,06,Item de teste 1856
Produto 1857,1957,10,Cat7,A2,17,07,Item de teste 1857
Produto 1858,1958,10,Cat8,A3,18,08,Item de teste 1858
Produto 1859,1959,10,Cat9,A4,19,09,Item de teste 1859
Produto 1860,1960,10,Cat0,A0,00,00,Item de teste 1860
Produto 1861,1961,10,Cat1,A1,01,01,Item de teste 1861
Produto 1862,1962,10,Cat2,A2,02,02,Item de teste 1862
Produto 1863,1963,10,Cat3,A3,03,03,Item de teste 1863
Produto 1864,1964,10,Cat4,A4,04,04,Item de teste 1864
Produto 1865,1965,10,Cat5,A0,05,05,Item de teste 1865
Produto 1866,1966,10,Cat6,A1,06,06,Item de teste 1866
Produto 1867,1967,10,Cat7,A2,07,07,Item de teste 1867
Produto 1868,1968,10,Cat8,A3,08,08,Item de teste 1868
Produto 1869,1969,10,Cat9,A4,09,09,Item de teste 1869
Produto 1870,1970,10,Cat0,A0,10,00,Item de teste 1870
Produto 1871,1971,10,Cat1,A1,11,01,Item de teste 1871
Produto 1872,1972,10,Cat2,A2,12,02,Item de teste 1872
Produto 1873,1973,10,Cat3,A3,13,03,Item de teste 1873
Produto 1874,1974,10,Cat4,A4,14,04,Item de teste 1874
Produto 1875,1975,10,Cat5,A0,15,05,Item de teste 1875
Produto 1876,1976,10,Cat6,A1,16,06,Item de teste 1876
Produto 1877,1977,10,Cat7,A2,17,07,Item de teste 1877
Produto 1878,1978,10,Cat8,A3,18,08,Item de teste 1878
Produto 1879,1979,10,Cat9,A4,19,09,Item de teste 1879
Produto 1880,1980,10,Cat0,A0,00,00,Item de teste 1880
Produto 1881,1981,10,Cat1,A1,01,01,Item de teste 1881
Produto 1882,1982,10,Cat2,A2,02,02,Item de teste 1882
Produto 1883,1983,10,Cat3,A3,03,03,Item de teste 1883
Produto 1884,1984,10,Cat4,A4,04,04,Item de teste 1884
Produto 1885,1985,10,Cat5,A0,05,05,Item de teste 1885
Produto 1886,1986,10,Cat6,A1,06,06,Item de teste 1886
Produto 1887,1987,10,Cat7,A2,07,07,Item de teste 1887
Produto 1888,1988,10,Cat8,A3,08,08,Item de teste 1888
Produto 1889,1989,10,Cat9,A4,09,09,Item de teste 1889
Produto 1890,1990,10,Cat0,A0,10,00,Item de teste 1890
Produto 1891,1991,10,Cat1,A1,11,01,Item de teste 1891
Produto 1892,1992,10,Cat2,A2,12,02,Item de teste 1892
Produto 1893,1993,10,Cat3,A3,13,03,Item de teste 1893
Produto 1894,1994,10,Cat4,A4,14,04,Item de teste 1894
Produto 1895,1995,10,Cat5,A0,15,05,Item de teste 1895
Produto 1896,1996,10,Cat6,A1,16,06,Item de teste 1896
Produto 1897,1997,10,Cat7,A2,17,07,Item de teste 1897
Produto 1898,1998,10,Cat8,A3,18,08,Item de teste 1898
Produto 1899,1999,10,Cat9,A4,19,09,Item de teste 1899
Produto 1900,2000,10,Cat0,A0,00,00,Item de teste 1900
Produto 1901,2001,10,Cat1,A1,01,01,Item de teste 1901
Produto 1902,2002,10,Cat2,A2,02,02,Item de teste 1902
Produto 1903,2003,10,Cat3,A3,03,03,Item de teste 1903
Produto 1904,2004,10,Cat4,A4,04,04,Item de teste 1904
Produto 1905,2005,10,Cat5,A0,05,05,Item de teste 1905
Produto 1906,2006,10,Cat6,A1,06,06,Item de teste 1906
Produto 1907,2007,10,Cat7,A2,07,07,Item de teste 1907
Produto 1908,2008,10,Cat8,A3,08,08,Item de teste 1908
Produto 1909,2009,10,Cat9,A4,09,09,Item de teste 1909
Produto 1910,2010,10,Cat0,A0,10,00,Item de teste 1910
Produto 1911,2011,10,Cat1,A1,11,01,Item de teste 1911
Produto 1912,2012,10,Cat2,A2,12,02,Item de teste 1912
Produto 1913,2013,10,Cat3,A3,13,03,Item de teste 1913
Produto 1914,2014,10,Cat4,A4,14,04,Item de teste 1914
Produto 1915,2015,10,Cat5,A0,15,05,Item de teste 1915
Produto 1916,2016,10,Cat6,A1,16,06,Item de teste 1916
Produto 1917,2017,10,Cat7,A2,17,07,Item de teste 1917
Produto 1918,2018,10,Cat8,A3,18,08,Item de teste 1918
Produto 1919,2019,10,Cat9,A4,19,09,Item de teste 1919
Produto 1920,2020,10,Cat0,A0,00,00,Item de teste 1920
Produto 1921,2021,10,Cat1,A1,01,01,Item de teste 1921
Produto 1922,2022,10,Cat2,A2,02,02,Item de teste 1922
Produto 1923,2023,10,Cat3,A3,03,03,Item de teste 1923
Produto 1924,2024,10,Cat4,A4,04,04,Item de teste 1924
Produto 1925,2025,10,Cat5,A0,05,05,Item de teste 1925
Produto 1926,2026,10,Cat6,A1,06,06,Item de teste 1926
Produto 1927,2027,10,Cat7,A2,07,07,Item de teste 1927
Produto 1928,2028,10,Cat8,A3,08,08,Item de teste 1928
Produto 1929,2029,10,Cat9,A4,09,09,Item de teste 1929
Produto 1930,2030,10,Cat0,A0,10,00,Item de teste 1930
Produto 1931,2031,10,Cat1,A1,11,01,Item de teste 1931
Produto 1932,2032,10,Cat2,A2,12,02,Item de teste 1932
Produto 1933,2033,10,Cat3,A3,13,03,Item de teste 1933
Produto 1934,2034,10,Cat4,A4,14,04,Item de teste 1934
Produto 1935,2035,10,Cat5,A0,15,05,Item de teste 1935
Produto 1936,2036,10,Cat6,A1,16,06,Item de teste 1936
Produto 1937,2037,10,Cat7,A2,17,07,Item de teste 1937
Produto 1938,2038,10,Cat8,A3,18,08,Item de teste 1938
Produto 1939,2039,10,Cat9,A4,19,09,Item de teste 1939
Produto 1940,2040,10,Cat0,A0,00,00,Item de teste 1940
Produto 1941,2041,10,Cat1,A1,01,01,Item de teste 1941
Produto 1942,2042,10,Cat2,A2,02,02,Item de teste 1942
Produto 1943,2043,10,Cat3,A3,03,03,Item de teste 1943
Produto 1944,2044,10,Cat4,A4,04,04,Item de teste 1944
Produto 1945,2045,10,Cat5,A0,05,05,Item de teste 1945
Produto 1946,2046,10,Cat6,A1,06,06,Item de teste 1946
Produto 1947,2047,10,Cat7,A2,07,07,Item de teste 1947
Produto 1948,2048,10,Cat8,A3,08,08,Item de teste 1948
Produto 1949,2049,10,Cat9,A4,09,09,Item de teste 1949
Produto 1950,2050,10,Cat0,A0,10,00,Item de teste 1950
Produto 1951,2051,10,Cat1,A1,11,01,Item de teste 1951
Produto 1952,2052,10,Cat2,A2,12,02,Item de teste 1952
Produto 1953,2053,10,Cat3,A3,13,03,Item de teste 1953
Produto 1954,2054,10,Cat4,A4,14,04,Item de teste 1954
Produto 1955,2055,10,Cat5,A0,15,05,Item de teste 1955
Produto 1956,2056,10,Cat6,A1,16,06,Item de teste 1956
Produto 1957,2057,10,Cat7,A2,17,07,Item de teste 1957
Produto 1958,2058,10,Cat8,A3,18,08,Item de teste 1958
Produto 1959,2059,10,Cat9,A4,19,09,Item de teste 1959
Produto 1960,2060,10,Cat0,A0,00,00,Item de teste 1960
Produto 1961,2061,10,Cat1,A1,01,01,Item de teste 1961
Produto 1962,2062,10,Cat2,A2,02,02,Item de teste 1962
Produto 1963,2063,10,Cat3,A3,03,03,Item de teste 1963
Produto 1964,2064,10,Cat4,A4,04,04,Item de teste 1964
Produto 1965,2065,10,Cat5,A0,05,05,Item de teste 1965
Produto 1966,2066,10,Cat6,A1,06,06,Item de teste 1966
Produto 1967,2067,10,Cat7,A2,07,07,Item de teste 1967
Produto 1968,2068,10,Cat8,A3,08,08,Item de teste 1968
Produto 1969,2069,10,Cat9,A4,09,09,Item de teste 1969
Produto 1970,2070,10,Cat0,A0,10,00,Item de teste 1970
Produto 1971,2071,10,Cat1,A1,11,01,Item de teste 1971
Produto 1972,2072,10,Cat2,A2,12,02,Item de teste 1972
Produto 1973,2073,10,Cat3,A3,13,03,Item de teste 1973
Produto 1974,2074,10,Cat4,A4,14,04,Item de teste 1974
Produto 1975,2075,10,Cat5,A0,15,05,Item de teste 1975
Produto 1976,2076,10,Cat6,A1,16,06,Item de teste 1976
Produto 1977,2077,10,Cat7,A2,17,07,Item de teste 1977
Produto 1978,2078,10,Cat8,A3,18,08,Item de teste 1978
Produto 1979,2079,10,Cat9,A4,19,09,Item de teste 1979
Produto 1980,2080,10,Cat0,A0,00,00,Item de teste 1980
Produto 1981,2081,10,Cat1,A1,01,01,Item de teste 1981
Produto 1982,2082,10,Cat2,A2,02,02,Item de teste 1982
Produto 1983,2083,10,Cat3,A3,03,03,Item de teste 1983
Produto 1984,2084,10,Cat4,A4,04,04,Item de teste 1984
Produto 1985,2085,10,Cat5,A0,05,05,Item de teste 1985
Produto 1986,2086,10,Cat6,A1,06,06,Item de teste 1986
Produto 1987,2087,10,Cat7,A2,07,07,Item de teste 1987
Produto 1988,2088,10,Cat8,A3,08,08,Item de teste 1988
Produto 1989,2089,10,Cat9,A4,09,09,Item de teste 1989
Produto 1990,2090,10,Cat0,A0,10,00,Item de teste 1990
Produto 1991,2091,10,Cat1,A1,11,01,Item de teste 1991
Produto 1992,2092,10,Cat2,A2,12,02,Item de teste 1992
Produto 1993,2093,10,Cat3,A3,13,03,Item de teste 1993
Produto 1994,2094,10,Cat4,A4,14,04,Item de teste 1994
Produto 1995,2095,10,Cat5,A0,15,05,Item de teste 1995
Produto 1996,2096,10,Cat6,A1,16,06,Item de teste 1996
Produto 1997,2097,10,Cat7,A2,17,07,Item de teste 1997
Produto 1998,2098,10,Cat8,A3,18,08,Item de teste 1998
Produto 1999,2099,10,Cat9,A4,19,09,Item de teste 1999
Produto 2000,2100,10,Cat0,A0,00,00,Item de teste 2000
Produto 2001,2101,10,Cat1,A1,01,01,Item de teste 2001
Produto 2002,2102,10,Cat2,A2,02,02,Item de teste 2002
Produto 2003,2103,10,Cat3,A3,03,03,Item de teste 2003
Produto 2004,2104,10,Cat4,A4,04,04,Item de teste 2004
Produto 2005,2105,10,Cat5,A0,05,05,Item de teste 2005
Produto 2006,2106,10,Cat6,A1,06,06,Item de teste 2006
Produto 2007,2107,10,Cat7,A2,07,07,Item de teste 2007
Produto 2008,2108,10,Cat8,A3,08,08,Item de teste 2008
Produto 2009,2109,10,Cat9,A4,09,09,Item de teste 2009
Produto 2010,2110,10,Cat0,A0,10,00,Item de teste 2010
Produto 2011,2111,10,Cat1,A1,11,01,Item de teste 2011
Produto 2012,2112,10,Cat2,A2,12,02,Item de teste 2012
Produto 2013,2113,10,Cat3,A3,13,03,Item de teste 2013
Produto 2014,2114,10,Cat4,A4,14,04,Item de teste 2014
Produto 2015,2115,10,Cat5,A0,15,05,Item de teste 2015
Produto 2016,2116,10,Cat6,A1,16,06,Item de teste 2016
Produto 2017,2117,10,Cat7,A2,17,07,Item de teste 2017
Produto 2018,2118,10,Cat8,A3,18,08,Item de teste 2018
Produto 2019,2119,10,Cat9,A4,19,09,Item de teste 2019
Produto 2020,2120,10,Cat0,A0,00,00,Item de teste 2020
Produto 2021,2121,10,Cat1,A1,01,01,Item de teste 2021
Produto 2022,2122,10,Cat2,A2,02,02,Item de teste 2022
Produto 2023,2123,10,Cat3,A3,03,03,Item de teste 2023
Produto 2024,2124,10,Cat4,A4,04,04,Item de teste 2024
Produto 2025,2125,10,Cat5,A0,05,05,Item de teste 2025
Produto 2026,2126,10,Cat6,A1,06,06,Item de teste 2026
Produto 2027,2127,10,Cat7,A2,07,07,Item de teste 2027
Produto 2028,2128,10,Cat8,A3,08,08,Item de teste 2028
Produto 2029,2129,10,Cat9,A4,09,09,Item de teste 2029
Produto 2030,2130,10,Cat0,A0,10,00,Item de teste 2030
Produto 2031,2131,10,Cat1,A1,11,01,Item de teste 2031
Produto 2032,2132,10,Cat2,A2,12,02,Item de teste 2032
Produto 2033,2133,10,Cat3,A3,13,03,Item de teste 2033
Produto 2034,2134,10,Cat4,A4,14,04,Item de teste 2034
Produto 2035,2135,10,Cat5,A0,15,05,Item de teste 2035
Produto 2036,2136,10,Cat6,A1,16,06,Item de teste 2036
Produto 2037,2137,10,Cat7,A2,17,07,Item de teste 2037
Produto 2038,2138,10,Cat8,A3,18,08,Item de teste 2038
Produto 2039,2139,10,Cat9,A4,19,09,Item de teste 2039
Produto 2040,2140,10,Cat0,A0,00,00,Item de teste 2040
Produto 2041,2141,10,Cat1,A1,01,01,Item de teste 2041
Produto 2042,2142,10,Cat2,A2,02,02,Item de teste 2042
Produto 2043,2143,10,Cat3,A3,03,03,Item de teste 2043
Produto 2044,2144,10,Cat4,A4,04,04,Item de teste 2044
Produto 2045,2145,10,Cat5,A0,05,05,Item de teste 2045
Produto 2046,2146,10,Cat6,A1,06,06,Item de teste 2046
Produto 2047,2147,10,Cat7,A2,07,07,Item de teste 2047
Produto 2048,2148,10,Cat8,A3,08,08,Item de teste 2048
Produto 2049,2149,10,Cat9,A4,09,09,Item de teste 2049
Produto 2050,2150,10,Cat0,A0,10,00,Item de teste 2050
Produto 2051,2151,10,Cat1,A1,11,01,Item de teste 2051
Produto 2052,2152,10,Cat2,A2,12,02,Item de teste 2052
Produto 2053,2153,10,Cat3,A3,13,03,Item de teste 2053
Produto 2054,2154,10,Cat4,A4,14,04,Item de teste 2054
Produto 2055,2155,10,Cat5,A0,15,05,Item de teste 2055
Produto 2056,2156,10,Cat6,A1,16,06,Item de teste 2056
Produto 2057,2157,10,Cat7,A2,17,07,Item de teste 2057
Produto 2058,2158,10,Cat8,A3,18,08,Item de teste 2058
Produto 2059,2159,10,Cat9,A4,19,09,Item de teste 2059
Produto 2060,2160,10,Cat0,A0,00,00,Item de teste 2060
Produto 2061,2161,10,Cat1,A1,01,01,Item de teste 2061
Produto 2062,2162,10,Cat2,A2,02,02,Item de teste 2062
Produto 2063,2163,10,Cat3,A3,03,03,Item de teste 2063
Produto 2064,2164,10,Cat4,A4,04,04,Item de teste 2064
Produto 2065,2165,10,Cat5,A0,05,05,Item de teste 2065
Produto 2066,2166,10,Cat6,A1,06,06,Item de teste 2066
Produto 2067,2167,10,Cat7,A2,07,07,Item de teste 2067
Produto 2068,2168,10,Cat8,A3,08,08,Item de teste 2068
Produto 2069,2169,10,Cat9,A4,09,09,Item de teste 2069
Produto 2070,2170,10,Cat0,A0,10,00,Item de teste 2070
Produto 2071,2171,10,Cat1,A1,11,01,Item de teste 2071
Produto 2072,2172,10,Cat2,A2,12,02,Item de teste 2072
Produto 2073,2173,10,Cat3,A3,13,03,Item de teste 2073
Produto 2074,2174,10,Cat4,A4,14,04,Item de teste 2074
Produto 2075,2175,10,Cat5,A0,15,05,Item de teste 2075
Produto 2076,2176,10,Cat6,A1,16,06,Item de teste 2076
Produto 2077,2177,10,Cat7,A2,17,07,Item de teste 2077
Produto 2078,2178,10,Cat8,A3,18,08,Item de teste 2078
Produto 2079,2179,10,Cat9,A4,19,09,Item de teste 2079
Produto 2080,2180,10,Cat0,A0,00,00,Item de teste 2080
Produto 2081,2181,10,Cat1,A1,01,01,Item de teste 2081
Produto 2082,2182,10,Cat2,A2,02,02,Item de teste 2082
Produto 2083,2183,10,Cat3,A3,03,03,Item de teste 2083
Produto 2084,2184,10,Cat4,A4,04,04,Item de teste 2084
Produto 2085,2185,10,Cat5,A0,05,05,Item de teste 2085
Produto 2086,2186,10,Cat6,A1,06,06,Item de teste 2086
Produto 2087,2187,10,Cat7,A2,07,07,Item de teste 2087
Produto 2088,2188,10,Cat8,A3,08,08,Item de teste 2088
Produto 2089,2189,10,Cat9,A4,09,09,Item de teste 2089
Produto 2090,2190,10,Cat0,A0,10,00,Item de teste 2090
Produto 2091,2191,10,Cat1,A1,11,01,Item de teste 2091
Produto 2092,2192,10,Cat2,A2,12,02,Item de teste 2092
Produto 2093,2193,10,Cat3,A3,13,03,Item de teste 2093
Produto 2094,2194,10,Cat4,A4,14,04,Item de teste 2094
Produto 2095,2195,10,Cat5,A0,15,05,Item de teste 2095
Produto 2096,2196,10,Cat6,A1,16,06,Item de teste 2096
Produto 2097,2197,10,Cat7,A2,17,07,Item de teste 2097
Produto 2098,2198,10,Cat8,A3,18,08,Item de teste 2098
Produto 2099,2199,10,Cat9,A4,19,09,Item de teste 2099
Produto 2100,2200,10,Cat0,A0,00,00,Item de teste 2100
Produto 2101,2201,10,Cat1,A1,01,01,Item de teste 2101
Produto 2102,2202,10,Cat2,A2,02,02,Item de teste 2102
Produto 2103,2203,10,Cat3,A3,03,03,Item de teste 2103
Produto 2104,2204,10,Cat4,A4,04,04,Item de teste 2104
Produto 2105,2205,10,Cat5,A0,05,05,Item de teste 2105
Produto 2106,2206,10,Cat6,A1,06,06,Item de teste 2106
Produto 2107,2207,10,Cat7,A2,07,07,Item de teste 2107
Produto 2108,2208,10,Cat8,A3,08,08,Item de teste 2108
Produto 2109,2209,10,Cat9,A4,09,09,Item de teste 2109
Produto 2110,2210,10,Cat0,A0,10,00,Item de teste 2110
Produto 2111,2211,10,Cat1,A1,11,01,Item de teste 2111
Produto 2112,2212,10,Cat2,A2,12,02,Item de teste 2112
Produto 2113,2213,10,Cat3,A3,13,03,Item de teste 2113
Produto 2114,2214,10,Cat4,A4,14,04,Item de teste 2114
Produto 2115,2215,10,Cat5,A0,15,05,Item de teste 2115
Produto 2116,2216,10,Cat6,A1,16,06,Item de teste 2116
Produto 2117,2217,10,Cat7,A2,17,07,Item de teste 2117
Produto 2118,2218,10,Cat8,A3,18,08,Item de teste 2118
Produto 2119,2219,10,Cat9,A4,19,09,Item de teste 2119
Produto 2120,2220,10,Cat0,A0,00,00,Item de teste 2120
Produto 2121,2221,10,Cat1,A1,01,01,Item de teste 2121
Produto 2122,2222,10,Cat2,A2,02,02,Item de teste 2122
Produto 2123,2223,10,Cat3,A3,03,03,Item de teste 2123
Produto 2124,2224,10,Cat4,A4,04,04,Item de teste 2124
Produto 2125,2225,10,Cat5,A0,05,05,Item de teste 2125
Produto 2126,2226,10,Cat6,A1,06,06,Item de teste 2126
Produto 2127,2227,10,Cat7,A2,07,07,Item de teste 2127
Produto 2128,2228,10,Cat8,A3,08,08,Item de teste 2128
Produto 2129,2229,10,Cat9,A4,09,09,Item de teste 2129
Produto 2130,2230,10,Cat0,A0,10,00,Item de teste 2130
Produto 2131,2231,10,Cat1,A1,11,01,Item de teste 2131
Produto 2132,2232,10,Cat2,A2,12,02,Item de teste 2132
Produto 2133,2233,10,Cat3,A3,13,03,Item de teste 2133
Produto 2134,2234,10,Cat4,A4,14,04,Item de teste 2134
Produto 2135,2235,10,Cat5,A0,15,05,Item de teste 2135
Produto 2136,2236,10,Cat6,A1,16,06,Item de teste 2136
Produto 2137,2237,10,Cat7,A2,17,07,Item de teste 2137
Produto 2138,2238,10,Cat8,A3,18,08,Item de teste 2138
Produto 2139,2239,10,Cat9,A4,19,09,Item de teste 2139
Produto 2140,2240,10,Cat0,A0,00,00,Item de teste 2140
Produto 2141,2241,10,Cat1,A1,01,01,Item de teste 2141
Produto 2142,2242,10,Cat2,A2,02,02,Item de teste 2142
Produto 2143,2243,10,Cat3,A3,03,03,Item de teste 2143
Produto 2144,2244,10,Cat4,A4,04,04,Item de teste 2144
Produto 2145,2245,10,Cat5,A0,05,05,Item de teste 2145
Produto 2146,2246,10,Cat6,A1,06,06,Item de teste 2146
Produto 2147,2247,10,Cat7,A2,07,07,Item de teste 2147
Produto 2148,2248,10,Cat8,A3,08,08,Item de teste 2148
Produto 2149,2249,10,Cat9,A4,09,09,Item de teste 2149
Produto 2150,2250,10,Cat0,A0,10,00,Item de teste 2150
Produto 2151,2251,10,Cat1,A1,11,01,Item de teste 2151
Produto 2152,2252,10,Cat2,A2,12,02,Item de teste 2152
Produto 2153,2253,10,Cat3,A3,13,03,Item de teste 2153
Produto 2154,2254,10,Cat4,A4,14,04,Item de teste 2154
Produto 2155,2255,10,Cat5,A0,15,05,Item de teste 2155
Produto 2156,2256,10,Cat6,A1,16,06,Item de teste 2156
Produto 2157,2257,10,Cat7,A2,17,07,Item de teste 2157
Produto 2158,2258,10,Cat8,A3,18,08,Item de teste 2158
Produto 2159,2259,10,Cat9,A4,19,09,Item de teste 2159
Produto 2160,2260,10,Cat0,A0,00,00,Item de teste 2160
Produto 2161,2261,10,Cat1,A1,01,01,Item de teste 2161
Produto 2162,2262,10,Cat2,A2,02,02,Item de teste 2162
Produto 2163,2263,10,Cat3,A3,03,03,Item de teste 2163
Produto 2164,2264,10,Cat4,A4,04,04,Item de teste 2164
Produto 2165,2265,10,Cat5,A0,05,05,Item de teste 2165
Produto 2166,2266,10,Cat6,A1,06,06,Item de teste 2166
Produto 2167,2267,10,Cat7,A2,07,07,Item de teste 2167
Produto 2168,2268,10,Cat8,A3,08,08,Item de teste 2168
Produto 2169,2269,10,Cat9,A4,09,09,Item de teste 2169
Produto 2170,2270,10,Cat0,A0,10,00,Item de teste 2170
Produto 2171,2271,10,Cat1,A1,11,01,Item de teste 2171
Produto 2172,2272,10,Cat2,A2,12,02,Item de teste 2172
Produto 2173,2273,10,Cat3,A3,13,03,Item de teste 2173
Produto 2174,2274,10,Cat4,A4,14,04,Item de teste 2174
Produto 2175,2275,10,Cat5,A0,15,05,Item de teste 2175
Produto 2176,2276,10,Cat6,A1,16,06,Item de teste 2176
Produto 2177,2277,10,Cat7,A2,17,07,Item de teste 2177
Produto 2178,2278,10,Cat8,A3,18,08,Item de teste 2178
Produto 2179,2279,10,Cat9,A4,19,09,Item de teste 2179
Produto 2180,2280,10,Cat0,A0,00,00,Item de teste 2180
Produto 2181,2281,10,Cat1,A1,01,01,Item de teste 2181
Produto 2182,2282,10,Cat2,A2,02,02,Item de teste 2182
Produto 2183,2283,10,Cat3,A3,03,03,Item de teste 2183
Produto 2184,2284,10,Cat4,A4,04,04,Item de teste 2184
Produto 2185,2285,10,Cat5,A0,05,05,Item de teste 2185
Produto 2186,2286,10,Cat6,A1,06,06,Item de teste 2186
Produto 2187,2287,10,Cat7,A2,07,07,Item de teste 2187
Produto 2188,2288,10,Cat8,A3,08,08,Item de teste 2188
Produto 2189,2289,10,Cat9,A4,09,09,Item de teste 2189
Produto 2190,2290,10,Cat0,A0,10,00,Item de teste 2190
Produto 2191,2291,10,Cat1,A1,11,01,Item de teste 2191
Produto 2192,2292,10,Cat2,A2,12,02,Item de teste 2192
Produto 2193,2293,10,Cat3,A3,13,03,Item de teste 2193
Produto 2194,2294,10,Cat4,A4,14,04,Item de teste 2194
Produto 2195,2295,10,Cat5,A0,15,05,Item de teste 2195
Produto 2196,2296,10,Cat6,A1,16,06,Item de teste 2196
Produto 2197,2297,10,Cat7,A2,17,07,Item de teste 2197
Produto 2198,2298,10,Cat8,A3,18,08,Item de teste 2198
Produto 2199,2299,10,Cat9,A4,19,09,Item de teste 2199
Produto 2200,2300,10,Cat0,A0,00,00,Item de teste 2200
Produto 2201,2301,10,Cat1,A1,01,01,Item de teste 2201
Produto 2202,2302,10,Cat2,A2,02,02,Item de teste 2202
Produto 2203,2303,10,Cat3,A3,03,03,Item de teste 2203
Produto 2204,2304,10,Cat4,A4,04,04,Item de teste 2204
Produto 2205,2305,10,Cat5,A0,05,05,Item de teste 2205
Produto 2206,2306,10,Cat6,A1,06,06,Item de teste 2206
Produto 2207,2307,10,Cat7,A2,07,07,Item de teste 2207
Produto 2208,2308,10,Cat8,A3,08,08,Item de teste 2208
Produto 2209,2309,10,Cat9,A4,09,09,Item de teste 2209
Produto 2210,2310,10,Cat0,A0,10,00,Item de teste 2210
Produto 2211,2311,10,Cat1,A1,11,01,Item de teste 2211
Produto 2212,2312,10,Cat2,A2,12,02,Item de teste 2212
Produto 2213,2313,10,Cat3,A3,13,03,Item de teste 2213
Produto 2214,2314,10,Cat4,A4,14,04,Item de teste 2214
Produto 2215,2315,10,Cat5,A0,15,05,Item de teste 2215
Produto 2216,2316,10,Cat6,A1,16,06,Item de teste 2216
Produto 2217,2317,10,Cat7,A2,17,07,Item de teste 2217
Produto 2218,2318,10,Cat8,A3,18,08,Item de teste 2218
Produto 2219,2319,10,Cat9,A4,19,09,Item de teste 2219
Produto 2220,2320,10,Cat0,A0,00,00,Item de teste 2220
Produto 2221,2321,10,Cat1,A1,01,01,Item de teste 2221
Produto 2222,2322,10,Cat2,A2,02,02,Item de teste 2222
Produto 2223,2323,10,Cat3,A3,03,03,Item de teste 2223
Produto 2224,2324,10,Cat4,A4,04,04,Item de teste 2224
Produto 2225,2325,10,Cat5,A0,05,05,Item de teste 2225
Produto 2226,2326,10,Cat6,A1,06,06,Item de teste 2226
Produto 2227,2327,10,Cat7,A2,07,07,Item de teste 2227
Produto 2228,2328,10,Cat8,A3,08,08,Item de teste 2228
Produto 2229,2329,10,Cat9,A4,09,09,Item de teste 2229
Produto 2230,2330,10,Cat0,A0,10,00,Item de teste 2230
Produto 2231,2331,10,Cat1,A1,11,01,Item de teste 2231
Produto 2232,2332,10,Cat2,A2,12,02,Item de teste 2232
Produto 2233,2333,10,Cat3,A3,13,03,Item de teste 2233
Produto 2234,2334,10,Cat4,A4,14,04,Item de teste 2234
Produto 2235,2335,10,Cat5,A0,15,05,Item de teste 2235
Produto 2236,2336,10,Cat6,A1,16,06,Item de teste 2236
Produto 2237,2337,10,Cat7,A2,17,07,Item de teste 2237
Produto 2238,2338,10,Cat8,A3,18,08,Item de teste 2238
Produto 2239,2339,10,Cat9,A4,19,09,Item de teste 2239
Produto 2240,2340,10,Cat0,A0,00,00,Item de teste 2240
Produto 2241,2341,10,Cat1,A1,01,01,Item de teste 2241
Produto 2242,2342,10,Cat2,A2,02,02,Item de teste 2242
Produto 2243,2343,10,Cat3,A3,03,03,Item de teste 2243
Produto 2244,2344,10,Cat4,A4,04,04,Item de teste 2244
Produto 2245,2345,10,Cat5,A0,05,05,Item de teste 2245
Produto 2246,2346,10,Cat6,A1,06,06,Item de teste 2246
Produto 2247,2347,10,Cat7,A2,07,07,Item de teste 2247
Produto 2248,2348,10,Cat8,A3,08,08,Item de teste 2248
Produto 2249,2349,10,Cat9,A4,09,09,Item de teste 2249
Produto 2250,2350,10,Cat0,A0,10,00,Item de teste 2250
Produto 2251,2351,10,Cat1,A1,11,01,Item de teste 2251
Produto 2252,2352,10,Cat2,A2,12,02,Item de teste 2252
Produto 2253,2353,10,Cat3,A3,13,03,Item de teste 2253
Produto 2254,2354,10,Cat4,A4,14,04,Item de teste 2254
Produto 2255,2355,10,Cat5,A0,15,05,Item de teste 2255
Produto 2256,2356,10,Cat6,A1,16,06,Item de teste 2256
Produto 2257,2357,10,Cat7,A2,17,07,Item de teste 2257
Produto 2258,2358,10,Cat8,A3,18,08,Item de teste 2258
Produto 2259,2359,10,Cat9,A4,19,09,Item de teste 2259
Produto 2260,2360,10,Cat0,A0,00,00,Item de teste 2260
Produto 2261,2361,10,Cat1,A1,01,01,Item de teste 2261
Produto 2262,2362,10,Cat2,A2,02,02,Item de teste 2262
Produto 2263,2363,10,Cat3,A3,03,03,Item de teste 2263
Produto 2264,2364,10,Cat4,A4,04,04,Item de teste 2264
Produto 2265,2365,10,Cat5,A0,05,05,Item de teste 2265
Produto 2266,2366,10,Cat6,A1,06,06,Item de teste 2266
Produto 2267,2367,10,Cat7,A2,07,07,Item de teste 2267
Produto 2268,2368,10,Cat8,A3,08,08,Item de teste 2268
Produto 2269,2369,10,Cat9,A4,09,09,Item de teste 2269
Produto 2270,2370,10,Cat0,A0,10,00,Item de teste 2270
Produto 2271,2371,10,Cat1,A1,11,01,Item de teste 2271
Produto 2272,2372,10,Cat2,A2,12,02,Item de teste 2272
Produto 2273,2373,10,Cat3,A3,13,03,Item de teste 2273
Produto 2274,2374,10,Cat4,A4,14,04,Item de teste 2274
Produto 2275,2375,10,Cat5,A0,15,05,Item de teste 2275
Produto 2276,2376,10,Cat6,A1,16,06,Item de teste 2276
Produto 2277,2377,10,Cat7,A2,17,07,Item de teste 2277
Produto 2278,2378,10,Cat8,A3,18,08,Item de teste 2278
Produto 2279,2379,10,Cat9,A4,19,09,Item de teste 2279
Produto 2280,2380,10,Cat0,A0,00,00,Item de teste 2280
Produto 2281,2381,10,Cat1,A1,01,01,Item de teste 2281
Produto 2282,2382,10,Cat2,A2,02,02,Item de teste 2282
Produto 2283,2383,10,Cat3,A3,03,03,Item de teste 2283
Produto 2284,2384,10,Cat4,A4,04,04,Item de teste 2284
Produto 2285,2385,10,Cat5,A0,05,05,Item de teste 2285
Produto 2286,2386,10,Cat6,A1,06,06,Item de teste 2286
Produto 2287,2387,10,Cat7,A2,07,07,Item de teste 2287
Produto 2288,2388,10,Cat8,A3,08,08,Item de teste 2288
Produto 2289,2389,10,Cat9,A4,09,09,Item de teste 2289
Produto 2290,2390,10,Cat0,A0,10,00,Item de teste 2290
Produto 2291,2391,10,Cat1,A1,11,01,Item de teste 2291
Produto 2292,2392,10,Cat2,A2,12,02,Item de teste 2292
Produto 2293,2393,10,Cat3,A3,13,03,Item de teste 2293
Produto 2294,2394,10,Cat4,A4,14,04,Item de teste 2294
Produto 2295,2395,10,Cat5,A0,15,05,Item de teste 2295
Produto 2296,2396,10,Cat6,A1,16,06,Item de teste 2296
Produto 2297,2397,10,Cat7,A2,17,07,Item de teste 2297
Produto 2298,2398,10,Cat8,A3,18,08,Item de teste 2298
Produto 2299,2399,10,Cat9,A4,19,09,Item de teste 2299
Produto 2300,2400,10,Cat0,A0,00,00,Item de teste 2300
Produto 2301,2401,10,Cat1,A1,01,01,Item de teste 2301
Produto 2302,2402,10,Cat2,A2,02,02,Item de teste 2302
Produto 2303,2403,10,Cat3,A3,03,03,Item de teste 2303
Produto 2304,2404,10,Cat4,A4,04,04,Item de teste 2304
Produto 2305,2405,10,Cat5,A0,05,05,Item de teste 2305
Produto 2306,2406,10,Cat6,A1,06,06,Item de teste 2306
Produto 2307,2407,10,Cat7,A2,07,07,Item de teste 2307
Produto 2308,2408,10,Cat8,A3,08,08,Item de teste 2308
Produto 2309,2409,10,Cat9,A4,09,09,Item de teste 2309
Produto 2310,2410,10,Cat0,A0,10,00,Item de teste 2310
Produto 2311,2411,10,Cat1,A1,11,01,Item de teste 2311
Produto 2312,2412,10,Cat2,A2,12,02,Item de teste 2312
Produto 2313,2413,10,Cat3,A3,13,03,Item de teste 2313
Produto 2314,2414,10,Cat4,A4,14,04,Item de teste 2314
Produto 2315,2415,10,Cat5,A0,15,05,Item de teste 2315
Produto 2316,2416,10,Cat6,A1,16,06,Item de teste 2316
Produto 2317,2417,10,Cat7,A2,17,07,Item de teste 2317
Produto 2318,2418,10,Cat8,A3,18,08,Item de teste 2318
Produto 2319,2419,10,Cat9,A4,19,09,Item de teste 2319
Produto 2320,2420,10,Cat0,A0,00,00,Item de teste 2320
Produto 2321,2421,10,Cat1,A1,01,01,Item de teste 2321
Produto 2322,2422,10,Cat2,A2,02,02,Item de teste 2322
Produto 2323,2423,10,Cat3,A3,03,03,Item de teste 2323
Produto 2324,2424,10,Cat4,A4,04,04,Item de teste 2324
Produto 2325,2425,10,Cat5,A0,05,05,Item de teste 2325
Produto 2326,2426,10,Cat6,A1,06,06,Item de teste 2326
Produto 2327,2427,10,Cat7,A2,07,07,Item de teste 2327
Produto 2328,2428,10,Cat8,A3,08,08,Item de teste 2328
Produto 2329,2429,10,Cat9,A4,09,09,Item de teste 2329
Produto 2330,2430,10,Cat0,A0,10,00,Item de teste 2330
Produto 2331,2431,10,Cat1,A1,11,01,Item de teste 2331
Produto 2332,2432,10,Cat2,A2,12,02,Item de teste 2332
Produto 2333,2433,10,Cat3,A3,13,03,Item de teste 2333
Produto 2334,2434,10,Cat4,A4,14,04,Item de teste 2334
Produto 2335,2435,10,Cat5,A0,15,05,Item de teste 2335
Produto 2336,2436,10,Cat6,A1,16,06,Item de teste 2336
Produto 2337,2437,10,Cat7,A2,17,07,Item de teste 2337
Produto 2338,2438,10,Cat8,A3,18,08,Item de teste 2338
Produto 2339,2439,10,Cat9,A4,19,09,Item de teste 2339
Produto 2340,2440,10,Cat0,A0,00,00,Item de teste 2340
Produto 2341,2441,10,Cat1,A1,01,01,Item de teste 2341
Produto 2342,2442,10,Cat2,A2,02,02,Item de teste 2342
Produto 2343,2443,10,Cat3,A3,03,03,Item de teste 2343
Produto 2344,2444,10,Cat4,A4,04,04,Item de teste 2344
Produto 2345,2445,10,Cat5,A0,05,05,Item de teste 2345
Produto 2346,2446,10,Cat6,A1,06,06,Item de teste 2346
Produto 2347,2447,10,Cat7,A2,07,07,Item de teste 2347
Produto 2348,2448,10,Cat8,A3,08,08,Item de teste 2348
Produto 2349,2449,10,Cat9,A4,09,09,Item de teste 2349
Produto 2350,2450,10,Cat0,A0,10,00,Item de teste 2350
Produto 2351,2451,10,Cat1,A1,11,01,Item de teste 2351
Produto 2352,2452,10,Cat2,A2,12,02,Item de teste 2352
Produto 2353,2453,10,Cat3,A3,13,03,Item de teste 2353
Produto 2354,2454,10,Cat4,A4,14,04,Item de teste 2354
Produto 2355,2455,10,Cat5,A0,15,05,Item de teste 2355
Produto 2356,2456,10,Cat6,A1,16,06,Item de teste 2356
Produto 2357,2457,10,Cat7,A2,17,07,Item de teste 2357
Produto 2358,2458,10,Cat8,A3,18,08,Item de teste 2358
Produto 2359,2459,10,Cat9,A4,19,09,Item de teste 2359
Produto 2360,2460,10,Cat0,A0,00,00,Item de teste 2360
Produto 2361,2461,10,Cat1,A1,01,01,Item de teste 2361
Produto 2362,2462,10,Cat2,A2,02,02,Item de teste 2362
Produto 2363,2463,10,Cat3,A3,03,03,Item de teste 2363
Produto 2364,2464,10,Cat4,A4,04,04,Item de teste 2364
Produto 2365,2465,10,Cat5,A0,05,05,Item de teste 2365
Produto 2366,2466,10,Cat6,A1,06,06,Item de teste 2366
Produto 2367,2467,10,Cat7,A2,07,07,Item de teste 2367
Produto 2368,2468,10,Cat8,A3,08,08,Item de teste 2368
Produto 2369,2469,10,Cat9,A4,09,09,Item de teste 2369
Produto 2370,2470,10,Cat0,A0,10,00,Item de teste 2370
Produto 2371,2471,10,Cat1,A1,11,01,Item de teste 2371
Produto 2372,2472,10,Cat2,A2,12,02,Item de teste 2372
Produto 2373,2473,10,Cat3,A3,13,03,Item de teste 2373
Produto 2374,2474,10,Cat4,A4,14,04,Item de teste 2374
Produto 2375,2475,10,Cat5,A0,15,05,Item de teste 2375
Produto 2376,2476,10,Cat6,A1,16,06,Item de teste 2376
Produto 2377,2477,10,Cat7,A2,17,07,Item de teste 2377
Produto 2378,2478,10,Cat8,A3,18,08,Item de teste 2378
Produto 2379,2479,10,Cat9,A4,19,09,Item de teste 2379
Produto 2380,2480,10,Cat0,A0,00,00,Item de teste 2380
Produto 2381,2481,10,Cat1,A1,01,01,Item de teste 2381
Produto 2382,2482,10,Cat2,A2,02,02,Item de teste 2382
Produto 2383,2483,10,Cat3,A3,03,03,Item de teste 2383
Produto 2384,2484,10,Cat4,A4,04,04,Item de teste 2384
Produto 2385,2485,10,Cat5,A0,05,05,Item de teste 2385
Produto 2386,2486,10,Cat6,A1,06,06,Item de teste 2386
Produto 2387,2487,10,Cat7,A2,07,07,Item de teste 2387
Produto 2388,2488,10,Cat8,A3,08,08,Item de teste 2388
Produto 2389,2489,10,Cat9,A4,09,09,Item de teste 2389
Produto 2390,2490,10,Cat0,A0,10,00,Item de teste 2390
Produto 2391,2491,10,Cat1,A1,11,01,Item de teste 2391
Produto 2392,2492,10,Cat2,A2,12,02,Item de teste 2392
Produto 2393,2493,10,Cat3,A3,13,03,Item de teste 2393
Produto 2394,2494,10,Cat4,A4,14,04,Item de teste 2394
Produto 2395,2495,10,Cat5,A0,15,05,Item de teste 2395
Produto 2396,2496,10,Cat6,A1,16,06,Item de teste 2396
Produto 2397,2497,10,Cat7,A2,17,07,Item de teste 2397
Produto 2398,2498,10,Cat8,A3,18,08,Item de teste 2398
Produto 2399,2499,10,Cat9,A4,19,09,Item de teste 2399
Produto 2400,2500,10,Cat0,A0,00,00,Item de teste 2400
Produto 2401,2501,10,Cat1,A1,01,01,Item de teste 2401
Produto 2402,2502,10,Cat2,A2,02,02,Item de teste 2402
Produto 2403,2503,10,Cat3,A3,03,03,Item de teste 2403
Produto 2404,2504,10,Cat4,A4,04,04,Item de teste 2404
Produto 2405,2505,10,Cat5,A0,05,05,Item de teste 2405
Produto 2406,2506,10,Cat6,A1,06,06,Item de teste 2406
Produto 2407,2507,10,Cat7,A2,07,07,Item de teste 2407
Produto 2408,2508,10,Cat8,A3,08,08,Item de teste 2408
Produto 2409,2509,10,Cat9,A4,09,09,Item de teste 2409
Produto 2410,2510,10,Cat0,A0,10,00,Item de teste 2410
Produto 2411,2511,10,Cat1,A1,11,01,Item de teste 2411
Produto 2412,2512,10,Cat2,A2,12,02,Item de teste 2412
Produto 2413,2513,10,Cat3,A3,13,03,Item de teste 2413
Produto 2414,2514,10,Cat4,A4,14,04,Item de teste 2414
Produto 2415,2515,10,Cat5,A0,15,05,Item de teste 2415
Produto 2416,2516,10,Cat6,A1,16,06,Item de teste 2416
Produto 2417,2517,10,Cat7,A2,17,07,Item de teste 2417
Produto 2418,2518,10,Cat8,A3,18,08,Item de teste 2418
Produto 2419,2519,10,Cat9,A4,19,09,Item de teste 2419
Produto 2420,2520,10,Cat0,A0,00,00,Item de teste 2420
Produto 2421,2521,10,Cat1,A1,01,01,Item de teste 2421
Produto 2422,2522,10,Cat2,A2,02,02,Item de teste 2422
Produto 2423,2523,10,Cat3,A3,03,03,Item de teste 2423
Produto 2424,2524,10,Cat4,A4,04,04,Item de teste 2424
Produto 2425,2525,10,Cat5,A0,05,05,Item de teste 2425
Produto 2426,2526,10,Cat6,A1,06,06,Item de teste 2426
Produto 2427,2527,10,Cat7,A2,07,07,Item de teste 2427
Produto 2428,2528,10,Cat8,A3,08,08,Item de teste 2428
Produto 2429,2529,10,Cat9,A4,09,09,Item de teste 2429
Produto 2430,2530,10,Cat0,A0,10,00,Item de teste 2430
Produto 2431,2531,10,Cat1,A1,11,01,Item de teste 2431
Produto 2432,2532,10,Cat2,A2,12,02,Item de teste 2432
Produto 2433,2533,10,Cat3,A3,13,03,Item de teste 2433
Produto 2434,2534,10,Cat4,A4,14,04,Item de teste 2434
Produto 2435,2535,10,Cat5,A0,15,05,Item de teste 2435
Produto 2436,2536,10,Cat6,A1,16,06,Item de teste 2436
Produto 2437,2537,10,Cat7,A2,17,07,Item de teste 2437
Produto 2438,2538,10,Cat8,A3,18,08,Item de teste 2438
Produto 2439,2539,10,Cat9,A4,19,09,Item de teste 2439
Produto 2440,2540,10,Cat0,A0,00,00,Item de teste 2440
Produto 2441,2541,10,Cat1,A1,01,01,Item de teste 2441
Produto 2442,2542,10,Cat2,A2,02,02,Item de teste 2442
Produto 2443,2543,10,Cat3,A3,03,03,Item de teste 2443
Produto 2444,2544,10,Cat4,A4,04,04,Item de teste 2444
Produto 2445,2545,10,Cat5,A0,05,05,Item de teste 2445
Produto 2446,2546,10,Cat6,A1,06,06,Item de teste 2446
Produto 2447,2547,10,Cat7,A2,07,07,Item de teste 2447
Produto 2448,2548,10,Cat8,A3,08,08,Item de teste 2448
Produto 2449,2549,10,Cat9,A4,09,09,Item de teste 2449
Produto 2450,2550,10,Cat0,A0,10,00,Item de teste 2450
Produto 2451,2551,10,Cat1,A1,11,01,Item de teste 2451
Produto 2452,2552,10,Cat2,A2,12,02,Item de teste 2452
Produto 2453,2553,10,Cat3,A3,13,03,Item de teste 2453
Produto 2454,2554,10,Cat4,A4,14,04,Item de teste 2454
Produto 2455,2555,10,Cat5,A0,15,05,Item de teste 2455
Produto 2456,2556,10,Cat6,A1,16,06,Item de teste 2456
Produto 2457,2557,10,Cat7,A2,17,07,Item de teste 2457
Produto 2458,2558,10,Cat8,A3,18,08,Item de teste 2458
Produto 2459,2559,10,Cat9,A4,19,09,Item de teste 2459
Produto 2460,2560,10,Cat0,A0,00,00,Item de teste 2460
Produto 2461,2561,10,Cat1,A1,01,01,Item de teste 2461
Produto 2462,2562,10,Cat2,A2,02,02,Item de teste 2462
Produto 2463,2563,10,Cat3,A3,03,03,Item de teste 2463
Produto 2464,2564,10,Cat4,A4,04,04,Item de teste 2464
Produto 2465,2565,10,Cat5,A0,05,05,Item de teste 2465
Produto 2466,2566,10,Cat6,A1,06,06,Item de teste 2466
Produto 2467,2567,10,Cat7,A2,07,07,Item de teste 2467
Produto 2468,2568,10,Cat8,A3,08,08,Item de teste 2468
Produto 2469,2569,10,Cat9,A4,09,09,Item de teste 2469
Produto 2470,2570,10,Cat0,A0,10,00,Item de teste 2470
Produto 2471,2571,10,Cat1,A1,11,01,Item de teste 2471
Produto 2472,2572,10,Cat2,A2,12,02,Item de teste 2472
Produto 2473,2573,10,Cat3,A3,13,03,Item de teste 2473
Produto 2474,2574,10,Cat4,A4,14,04,Item de teste 2474
Produto 2475,2575,10,Cat5,A0,15,05,Item de teste 2475
Produto 2476,2576,10,Cat6,A1,16,06,Item de teste 2476
Produto 2477,2577,10,Cat7,A2,17,07,Item de teste 2477
Produto 2478,2578,10,Cat8,A3,18,08,Item de teste 2478
Produto 2479,2579,10,Cat9,A4,19,09,Item de teste 2479
Produto 2480,2580,10,Cat0,A0,00,00,Item de teste 2480
Produto 2481,2581,10,Cat1,A1,01,01,Item de teste 2481
Produto 2482,2582,10,Cat2,A2,02,02,Item de teste 2482
Produto 2483,2583,10,Cat3,A3,03,03,Item de teste 2483
Produto 2484,2584,10,Cat4,A4,04,04,Item de teste 2484
Produto 2485,2585,10,Cat5,A0,05,05,Item de teste 2485
Produto 2486,2586,10,Cat6,A1,06,06,Item de teste 2486
Produto 2487,2587,10,Cat7,A2,07,07,Item de teste 2487
Produto 2488,2588,10,Cat8,A3,08,08,Item de teste 2488
Produto 2489,2589,10,Cat9,A4,09,09,Item de teste 2489
Produto 2490,2590,10,Cat0,A0,10,00,Item de teste 2490
Produto 2491,2591,10,Cat1,A1,11,01,Item de teste 2491
Produto 2492,2592,10,Cat2,A2,12,02,Item de teste 2492
Produto 2493,2593,10,Cat3,A3,13,03,Item de teste 2493
Produto 2494,2594,10,Cat4,A4,14,04,Item de teste 2494
Produto 2495,2595,10,Cat5,A0,15,05,Item de teste 2495
Produto 2496,2596,10,Cat6,A1,16,06,Item de teste 2496
Produto 2497,2597,10,Cat7,A2,17,07,Item de teste 2497
Produto 2498,2598,10,Cat8,A3,18,08,Item de teste 2498
Produto 2499,2599,10,Cat9,A4,19,09,Item de teste 2499
Produto 2500,2600,10,Cat0,A0,00,00,Item de teste 2500
Produto 2501,2601,10,Cat1,A1,01,01,Item de teste 2501
Produto 2502,2602,10,Cat2,A2,02,02,Item de teste 2502
Produto 2503,2603,10,Cat3,A3,03,03,Item de teste 2503
Produto 2504,2604,10,Cat4,A4,04,04,Item de teste 2504
Produto 2505,2605,10,Cat5,A0,05,05,Item de teste 2505
Produto 2506,2606,10,Cat6,A1,06,06,Item de teste 2506
Produto 2507,2607,10,Cat7,A2,07,07,Item de teste 2507
Produto 2508,2608,10,Cat8,A3,08,08,Item de teste 2508
Produto 2509,2609,10,Cat9,A4,09,09,Item de teste 2509
Produto 2510,2610,10,Cat0,A0,10,00,Item de teste 2510
Produto 2511,2611,10,Cat1,A1,11,01,Item de teste 2511
Produto 2512,2612,10,Cat2,A2,12,02,Item de teste 2512
Produto 2513,2613,10,Cat3,A3,13,03,Item de teste 2513
Produto 2514,2614,10,Cat4,A4,14,04,Item de teste 2514
Produto 2515,2615,10,Cat5,A0,15,05,Item de teste 2515
Produto 2516,2616,10,Cat6,A1,16,06,Item de teste 2516
Produto 2517,2617,10,Cat7,A2,17,07,Item de teste 2517
Produto 2518,2618,10,Cat8,A3,18,08,Item de teste 2518
Produto 2519,2619,10,Cat9,A4,19,09,Item de teste 2519
Produto 2520,2620,10,Cat0,A0,00,00,Item de teste 2520
Produto 2521,2621,10,Cat1,A1,01,01,Item de teste 2521
Produto 2522,2622,10,Cat2,A2,02,02,Item de teste 2522
Produto 2523,2623,10,Cat3,A3,03,03,Item de teste 2523
Produto 2524,2624,10,Cat4,A4,04,04,Item de teste 2524
Produto 2525,2625,10,Cat5,A0,05,05,Item de teste 2525
Produto 2526,2626,10,Cat6,A1,06,06,Item de teste 2526
Produto 2527,2627,10,Cat7,A2,07,07,Item de teste 2527
Produto 2528,2628,10,Cat8,A3,08,08,Item de teste 2528
Produto 2529,2629,10,Cat9,A4,09,09,Item de teste 2529
Produto 2530,2630,10,Cat0,A0,10,00,Item de teste 2530
Produto 2531,2631,10,Cat1,A1,11,01,Item de teste 2531
Produto 2532,2632,10,Cat2,A2,12,02,Item de teste 2532
Produto 2533,2633,10,Cat3,A3,13,03,Item de teste 2533
Produto 2534,2634,10,Cat4,A4,14,04,Item de teste 2534
Produto 2535,2635,10,Cat5,A0,15,05,Item de teste 2535
Produto 2536,2636,10,Cat6,A1,16,06,Item de teste 2536
Produto 2537,2637,10,Cat7,A2,17,07,Item de teste 2537
Produto 2538,2638,10,Cat8,A3,18,08,Item de teste 2538
Produto 2539,2639,10,Cat9,A4,19,09,Item de teste 2539
Produto 2540,2640,10,Cat0,A0,00,00,Item de teste 2540
Produto 2541,2641,10,Cat1,A1,01,01,Item de teste 2541
Produto 2542,2642,10,Cat2,A2,02,02,Item de teste 2542
Produto 2543,2643,10,Cat3,A3,03,03,Item de teste 2543
Produto 2544,2644,10,Cat4,A4,04,04,Item de teste 2544
Produto 2545,2645,10,Cat5,A0,05,05,Item de teste 2545
Produto 2546,2646,10,Cat6,A1,06,06,Item de teste 2546
Produto 2547,2647,10,Cat7,A2,07,07,Item de teste 2547
Produto 2548,2648,10,Cat8,A3,08,08,Item de teste 2548
Produto 2549,2649,10,Cat9,A4,09,09,Item de teste 2549
Produto 2550,2650,10,Cat0,A0,10,00,Item de teste 2550
Produto 2551,2651,10,Cat1,A1,11,01,Item de teste 2551
Produto 2552,2652,10,Cat2,A2,12,02,Item de teste 2552
Produto 2553,2653,10,Cat3,A3,13,03,Item de teste 2553
Produto 2554,2654,10,Cat4,A4,14,04,Item de teste 2554
Produto 2555,2655,10,Cat5,A0,15,05,Item de teste 2555
Produto 2556,2656,10,Cat6,A1,16,06,Item de teste 2556
Produto 2557,2657,10,Cat7,A2,17,07,Item de teste 2557
Produto 2558,2658,10,Cat8,A3,18,08,Item de teste 2558
Produto 2559,2659,10,Cat9,A4,19,09,Item de teste 2559
Produto 2560,2660,10,Cat0,A0,00,00,Item de teste 2560
Produto 2561,2661,10,Cat1,A1,01,01,Item de teste 2561
Produto 2562,2662,10,Cat2,A2,02,02,Item de teste 2562
Produto 2563,2663,10,Cat3,A3,03,03,Item de teste 2563
Produto 2564,2664,10,Cat4,A4,04,04,Item de teste 2564
Produto 2565,2665,10,Cat5,A0,05,05,Item de teste 2565
Produto 2566,2666,10,Cat6,A1,06,06,Item de teste 2566
Produto 2567,2667,10,Cat7,A2,07,07,Item de teste 2567
Produto 2568,2668,10,Cat8,A3,08,08,Item de teste 2568
Produto 2569,2669,10,Cat9,A4,09,09,Item de teste 2569
Produto 2570,2670,10,Cat0,A0,10,00,Item de teste 2570
Produto 2571,2671,10,Cat1,A1,11,01,Item de teste 2571
Produto 2572,2672,10,Cat2,A2,12,02,Item de teste 2572
Produto 2573,2673,10,Cat3,A3,13,03,Item de teste 2573
Produto 2574,2674,10,Cat4,A4,14,04,Item de teste 2574
Produto 2575,2675,10,Cat5,A0,15,05,Item de teste 2575
Produto 2576,2676,10,Cat6,A1,16,06,Item de teste 2576
Produto 2577,2677,10,Cat7,A2,17,07,Item de teste 2577
Produto 2578,2678,10,Cat8,A3,18,08,Item de teste 2578
Produto 2579,2679,10,Cat9,A4,19,09,Item de teste 2579
Produto 2580,2680,10,Cat0,A0,00,00,Item de teste 2580
Produto 2581,2681,10,Cat1,A1,01,01,Item de teste 2581
Produto 2582,2682,10,Cat2,A2,02,02,Item de teste 2582
Produto 2583,2683,10,Cat3,A3,03,03,Item de teste 2583
Produto 2584,2684,10,Cat4,A4,04,04,Item de teste 2584
Produto 2585,2685,10,Cat5,A0,05,05,Item de teste 2585
Produto 2586,2686,10,Cat6,A1,06,06,Item de teste 2586
Produto 2587,2687,10,Cat7,A2,07,07,Item de teste 2587
Produto 2588,2688,10,Cat8,A3,08,08,Item de teste 2588
Produto 2589,2689,10,Cat9,A4,09,09,Item de teste 2589
Produto 2590,2690,10,Cat0,A0,10,00,Item de teste 2590
Produto 2591,2691,10,Cat1,A1,11,01,Item de teste 2591
Produto 2592,2692,10,Cat2,A2,12,02,Item de teste 2592
Produto 2593,2693,10,Cat3,A3,13,03,Item de teste 2593
Produto 2594,2694,10,Cat4,A4,14,04,Item de teste 2594
Produto 2595,2695,10,Cat5,A0,15,05,Item de teste 2595
Produto 2596,2696,10,Cat6,A1,16,06,Item de teste 2596
Produto 2597,2697,10,Cat7,A2,17,07,Item de teste 2597
Produto 2598,2698,10,Cat8,A3,18,08,Item de teste 2598
Produto 2599,2699,10,Cat9,A4,19,09,Item de teste 2599
Produto 2600,2700,10,Cat0,A0,00,00,Item de teste 2600
Produto 2601,2701,10,Cat1,A1,01,01,Item de teste 2601
Produto 2602,2702,10,Cat2,A2,02,02,Item de teste 2602
Produto 2603,2703,10,Cat3,A3,03,03,Item de teste 2603
Produto 2604,2704,10,Cat4,A4,04,04,Item de teste 2604
Produto 2605,2705,10,Cat5,A0,05,05,Item de teste 2605
Produto 2606,2706,10,Cat6,A1,06,06,Item de teste 2606
Produto 2607,2707,10,Cat7,A2,07,07,Item de teste 2607
Produto 2608,2708,10,Cat8,A3,08,08,Item de teste 2608
Produto 2609,2709,10,Cat9,A4,09,09,Item de teste 2609
Produto 2610,2710,10,Cat0,A0,10,00,Item de teste 2610
Produto 2611,2711,10,Cat1,A1,11,01,Item de teste 2611
Produto 2612,2712,10,Cat2,A2,12,02,Item de teste 2612
Produto 2613,2713,10,Cat3,A3,13,03,Item de teste 2613
Produto 2614,2714,10,Cat4,A4,14,04,Item de teste 2614
Produto 2615,2715,10,Cat5,A0,15,05,Item de teste 2615
Produto 2616,2716,10,Cat6,A1,16,06,Item de teste 2616
Produto 2617,2717,10,Cat7,A2,17,07,Item de teste 2617
Produto 2618,2718,10,Cat8,A3,18,08,Item de teste 2618
Produto 2619,2719,10,Cat9,A4,19,09,Item de teste 2619
Produto 2620,2720,10,Cat0,A0,00,00,Item de teste 2620
Produto 2621,2721,10,Cat1,A1,01,01,Item de teste 2621
Produto 2622,2722,10,Cat2,A2,02,02,Item de teste 2622
Produto 2623,2723,10,Cat3,A3,03,03,Item de teste 2623
Produto 2624,2724,10,Cat4,A4,04,04,Item de teste 2624
Produto 2625,2725,10,Cat5,A0,05,05,Item de teste 2625
Produto 2626,2726,10,Cat6,A1,06,06,Item de teste 2626
Produto 2627,2727,10,Cat7,A2,07,07,Item de teste 2627
Produto 2628,2728,10,Cat8,A3,08,08,Item de teste 2628
Produto 2629,2729,10,Cat9,A4,09,09,Item de teste 2629
Produto 2630,2730,10,Cat0,A0,10,00,Item de teste 2630
Produto 2631,2731,10,Cat1,A1,11,01,Item de teste 2631
Produto 2632,2732,10,Cat2,A2,12,02,Item de teste 2632
Produto 2633,2733,10,Cat3,A3,13,03,Item de teste 2633
Produto 2634,2734,10,Cat4,A4,14,04,Item de teste 2634
Produto 2635,2735,10,Cat5,A0,15,05,Item de teste 2635
Produto 2636,2736,10,Cat6,A1,16,06,Item de teste 2636
Produto 2637,2737,10,Cat7,A2,17,07,Item de teste 2637
Produto 2638,2738,10,Cat8,A3,18,08,Item de teste 2638
Produto 2639,2739,10,Cat9,A4,19,09,Item de teste 2639
Produto 2640,2740,10,Cat0,A0,00,00,Item de teste 2640
Produto 2641,2741,10,Cat1,A1,01,01,Item de teste 2641
Produto 2642,2742,10,Cat2,A2,02,02,Item de teste 2642
Produto 2643,2743,10,Cat3,A3,03,03,Item de teste 2643
Produto 2644,2744,10,Cat4,A4,04,04,Item de teste 2644
Produto 2645,2745,10,Cat5,A0,05,05,Item de teste 2645
Produto 2646,2746,10,Cat6,A1,06,06,Item de teste 2646
Produto 2647,2747,10,Cat7,A2,07,07,Item de teste 2647
Produto 2648,2748,10,Cat8,A3,08,08,Item de teste 2648
Produto 2649,2749,10,Cat9,A4,09,09,Item de teste 2649
Produto 2650,2750,10,Cat0,A0,10,00,Item de teste 2650
Produto 2651,2751,10,Cat1,A1,11,01,Item de teste 2651
Produto 2652,2752,10,Cat2,A2,12,02,Item de teste 2652
Produto 2653,2753,10,Cat3,A3,13,03,Item de teste 2653
Produto 2654,2754,10,Cat4,A4,14,04,Item de teste 2654
Produto 2655,2755,10,Cat5,A0,15,05,Item de teste 2655
Produto 2656,2756,10,Cat6,A1,16,06,Item de teste 2656
Produto 2657,2757,10,Cat7,A2,17,07,Item de teste 2657
Produto 2658,2758,10,Cat8,A3,18,08,Item de teste 2658
Produto 2659,2759,10,Cat9,A4,19,09,Item de teste 2659
Produto 2660,2760,10,Cat0,A0,00,00,Item de teste 2660
Produto 2661,2761,10,Cat1,A1,01,01,Item de teste 2661
Produto 2662,2762,10,Cat2,A2,02,02,Item de teste 2662
Produto 2663,2763,10,Cat3,A3,03,03,Item de teste 2663
Produto 2664,2764,10,Cat4,A4,04,04,Item de teste 2664
Produto 2665,2765,10,Cat5,A0,05,05,Item de teste 2665
Produto 2666,2766,10,Cat6,A1,06,06,Item de teste 2666
Produto 2667,2767,10,Cat7,A2,07,07,Item de teste 2667
Produto 2668,2768,10,Cat8,A3,08,08,Item de teste 2668
Produto 2669,2769,10,Cat9,A4,09,09,Item de teste 2669
Produto 2670,2770,10,Cat0,A0,10,00,Item de teste 2670
Produto 2671,2771,10,Cat1,A1,11,01,Item de teste 2671
Produto 2672,2772,10,Cat2,A2,12,02,Item de teste 2672
Produto 2673,2773,10,Cat3,A3,13,03,Item de teste 2673
Produto 2674,2774,10,Cat4,A4,14,04,Item de teste 2674
Produto 2675,2775,10,Cat5,A0,15,05,Item de teste 2675
Produto 2676,2776,10,Cat6,A1,16,06,Item de teste 2676
Produto 2677,2777,10,Cat7,A2,17,07,Item de teste 2677
Produto 2678,2778,10,Cat8,A3,18,08,Item de teste 2678
Produto 2679,2779,10,Cat9,A4,19,09,Item de teste 2679
Produto 2680,2780,10,Cat0,A0,00,00,Item de teste 2680
Produto 2681,2781,10,Cat1,A1,01,01,Item de teste 2681
Produto 2682,2782,10,Cat2,A2,02,02,Item de teste 2682
Produto 2683,2783,10,Cat3,A3,03,03,Item de teste 2683
Produto 2684,2784,10,Cat4,A4,04,04,Item de teste 2684
Produto 2685,2785,10,Cat5,A0,05,05,Item de teste 2685
Produto 2686,2786,10,Cat6,A1,06,06,Item de teste 2686
Produto 2687,2787,10,Cat7,A2,07,07,Item de teste 2687
Produto 2688,2788,10,Cat8,A3,08,08,Item de teste 2688
Produto 2689,2789,10,Cat9,A4,09,09,Item de teste 2689
Produto 2690,2790,10,Cat0,A0,10,00,Item de teste 2690
Produto 2691,2791,10,Cat1,A1,11,01,Item de teste 2691
Produto 2692,2792,10,Cat2,A2,12,02,Item de teste 2692
Produto 2693,2793,10,Cat3,A3,13,03,Item de teste 2693
Produto 2694,2794,10,Cat4,A4,14,04,Item de teste 2694
Produto 2695,2795,10,Cat5,A0,15,05,Item de teste 2695
Produto 2696,2796,10,Cat6,A1,16,06,Item de teste 2696
Produto 2697,2797,10,Cat7,A2,17,07,Item de teste 2697
Produto 2698,2798,10,Cat8,A3,18,08,Item de teste 2698
Produto 2699,2799,10,Cat9,A4,19,09,Item de teste 2699
Produto 2700,2800,10,Cat0,A0,00,00,Item de teste 2700
Produto 2701,2801,10,Cat1,A1,01,01,Item de teste 2701
Produto 2702,2802,10,Cat2,A2,02,02,Item de teste 2702
Produto 2703,2803,10,Cat3,A3,03,03,Item de teste 2703
Produto 2704,2804,10,Cat4,A4,04,04,Item de teste 2704
Produto 2705,2805,10,Cat5,A0,05,05,Item de teste 2705
Produto 2706,2806,10,Cat6,A1,06,06,Item de teste 2706
Produto 2707,2807,10,Cat7,A2,07,07,Item de teste 2707
Produto 2708,2808,10,Cat8,A3,08,08,Item de teste 2708
Produto 2709,2809,10,Cat9,A4,09,09,Item de teste 2709
Produto 2710,2810,10,Cat0,A0,10,00,Item de teste 2710
Produto 2711,2811,10,Cat1,A1,11,01,Item de teste 2711
Produto 2712,2812,10,Cat2,A2,12,02,Item de teste 2712
Produto 2713,2813,10,Cat3,A3,13,03,Item de teste 2713
Produto 2714,2814,10,Cat4,A4,14,04,Item de teste 2714
Produto 2715,2815,10,Cat5,A0,15,05,Item de teste 2715
Produto 2716,2816,10,Cat6,A1,16,06,Item de teste 2716
Produto 2717,2817,10,Cat7,A2,17,07,Item de teste 2717
Produto 2718,2818,10,Cat8,A3,18,08,Item de teste 2718
Produto 2719,2819,10,Cat9,A4,19,09,Item de teste 2719
Produto 2720,2820,10,Cat0,A0,00,00,Item de teste 2720
Produto 2721,2821,10,Cat1,A1,01,01,Item de teste 2721
Produto 2722,2822,10,Cat2,A2,02,02,Item de teste 2722
Produto 2723,2823,10,Cat3,A3,03,03,Item de teste 2723
Produto 2724,2824,10,Cat4,A4,04,04,Item de teste 2724
Produto 2725,2825,10,Cat5,A0,05,05,Item de teste 2725
Produto 2726,2826,10,Cat6,A1,06,06,Item de teste 2726
Produto 2727,2827,10,Cat7,A2,07,07,Item de teste 2727
Produto 2728,2828,10,Cat8,A3,08,08,Item de teste 2728
Produto 2729,2829,10,Cat9,A4,09,09,Item de teste 2729
Produto 2730,2830,10,Cat0,A0,10,00,Item de teste 2730
Produto 2731,2831,10,Cat1,A1,11,01,Item de teste 2731
Produto 2732,2832,10,Cat2,A2,12,02,Item de teste 2732
Produto 2733,2833,10,Cat3,A3,13,03,Item de teste 2733
Produto 2734,2834,10,Cat4,A4,14,04,Item de teste 2734
Produto 2735,2835,10,Cat5,A0,15,05,Item de teste 2735
Produto 2736,2836,10,Cat6,A1,16,06,Item de teste 2736
Produto 2737,2837,10,Cat7,A2,17,07,Item de teste 2737
Produto 2738,2838,10,Cat8,A3,18,08,Item de teste 2738
Produto 2739,2839,10,Cat9,A4,19,09,Item de teste 2739
Produto 2740,2840,10,Cat0,A0,00,00,Item de teste 2740
Produto 2741,2841,10,Cat1,A1,01,01,Item de teste 2741
Produto 2742,2842,10,Cat2,A2,02,02,Item de teste 2742
Produto 2743,2843,10,Cat3,A3,03,03,Item de teste 2743
Produto 2744,2844,10,Cat4,A4,04,04,Item de teste 2744
Produto 2745,2845,10,Cat5,A0,05,05,Item de teste 2745
Produto 2746,2846,10,Cat6,A1,06,06,Item de teste 2746
Produto 2747,2847,10,Cat7,A2,07,07,Item de teste 2747
Produto 2748,2848,10,Cat8,A3,08,08,Item de teste 2748
Produto 2749,2849,10,Cat9,A4,09,09,Item de teste 2749
Produto 2750,2850,10,Cat0,A0,10,00,Item de teste 2750
Produto 2751,2851,10,Cat1,A1,11,01,Item de teste 2751
Produto 2752,2852,10,Cat2,A2,12,02,Item de teste 2752
Produto 2753,2853,10,Cat3,A3,13,03,Item de teste 2753
Produto 2754,2854,10,Cat4,A4,14,04,Item de teste 2754
Produto 2755,2855,10,Cat5,A0,15,05,Item de teste 2755
Produto 2756,2856,10,Cat6,A1,16,06,Item de teste 2756
Produto 2757,2857,10,Cat7,A2,17,07,Item de teste 2757
Produto 2758,2858,10,Cat8,A3,18,08,Item de teste 2758
Produto 2759,2859,10,Cat9,A4,19,09,Item de teste 2759
Produto 2760,2860,10,Cat0,A0,00,00,Item de teste 2760
Produto 2761,2861,10,Cat1,A1,01,01,Item de teste 2761
Produto 2762,2862,10,Cat2,A2,02,02,Item de teste 2762
Produto 2763,2863,10,Cat3,A3,03,03,Item de teste 2763
Produto 2764,2864,10,Cat4,A4,04,04,Item de teste 2764
Produto 2765,2865,10,Cat5,A0,05,05,Item de teste 2765
Produto 2766,2866,10,Cat6,A1,06,06,Item de teste 2766
Produto 2767,2867,10,Cat7,A2,07,07,Item de teste 2767
Produto 2768,2868,10,Cat8,A3,08,08,Item de teste 2768
Produto 2769,2869,10,Cat9,A4,09,09,Item de teste 2769
Produto 2770,2870,10,Cat0,A0,10,00,Item de teste 2770
Produto 2771,2871,10,Cat1,A1,11,01,Item de teste 2771
Produto 2772,2872,10,Cat2,A2,12,02,Item de teste 2772
Produto 2773,2873,10,Cat3,A3,13,03,Item de teste 2773
Produto 2774,2874,10,Cat4,A4,14,04,Item de teste 2774
Produto 2775,2875,10,Cat5,A0,15,05,Item de teste 2775
Produto 2776,2876,10,Cat6,A1,16,06,Item de teste 2776
Produto 2777,2877,10,Cat7,A2,17,07,Item de teste 2777
Produto 2778,2878,10,Cat8,A3,18,08,Item de teste 2778
Produto 2779,2879,10,Cat9,A4,19,09,Item de teste 2779
Produto 2780,2880,10,Cat0,A0,00,00,Item de teste 2780
Produto 2781,2881,10,Cat1,A1,01,01,Item de teste 2781
Produto 2782,2882,10,Cat2,A2,02,02,Item de teste 2782
Produto 2783,2883,10,Cat3,A3,03,03,Item de teste 2783
Produto 2784,2884,10,Cat4,A4,04,04,Item de teste 2784
Produto 2785,2885,10,Cat5,A0,05,05,Item de teste 2785
Produto 2786,2886,10,Cat6,A1,06,06,Item de teste 2786
Produto 2787,2887,10,Cat7,A2,07,07,Item de teste 2787
Produto 2788,2888,10,Cat8,A3,08,08,Item de teste 2788
Produto 2789,2889,10,Cat9,A4,09,09,Item de teste 2789
Produto 2790,2890,10,Cat0,A0,10,00,Item de teste 2790
Produto 2791,2891,10,Cat1,A1,11,01,Item de teste 2791
Produto 2792,2892,10,Cat2,A2,12,02,Item de teste 2792
Produto 2793,2893,10,Cat3,A3,13,03,Item de teste 2793
Produto 2794,2894,10,Cat4,A4,14,04,Item de teste 2794
Produto 2795,2895,10,Cat5,A0,15,05,Item de teste 2795
Produto 2796,2896,10,Cat6,A1,16,06,Item de teste 2796
Produto 2797,2897,10,Cat7,A2,17,07,Item de teste 2797
Produto 2798,2898,10,Cat8,A3,18,08,Item de teste 2798
Produto 2799,2899,10,Cat9,A4,19,09,Item de teste 2799
Produto 2800,2900,10,Cat0,A0,00,00,Item de teste 2800
Produto 2801,2901,10,Cat1,A1,01,01,Item de teste 2801
Produto 2802,2902,10,Cat2,A2,02,02,Item de teste 2802
Produto 2803,2903,10,Cat3,A3,03,03,Item de teste 2803
Produto 2804,2904,10,Cat4,A4,04,04,Item de teste 2804
Produto 2805,2905,10,Cat5,A0,05,05,Item de teste 2805
Produto 2806,2906,10,Cat6,A1,06,06,Item de teste 2806
Produto 2807,2907,10,Cat7,A2,07,07,Item de teste 2807
Produto 2808,2908,10,Cat8,A3,08,08,Item de teste 2808
Produto 2809,2909,10,Cat9,A4,09,09,Item de teste 2809
Produto 2810,2910,10,Cat0,A0,10,00,Item de teste 2810
Produto 2811,2911,10,Cat1,A1,11,01,Item de teste 2811
Produto 2812,2912,10,Cat2,A2,12,02,Item de teste 2812
Produto 2813,2913,10,Cat3,A3,13,03,Item de teste 2813
Produto 2814,2914,10,Cat4,A4,14,04,Item de teste 2814
Produto 2815,2915,10,Cat5,A0,15,05,Item de teste 2815
Produto 2816,2916,10,Cat6,A1,16,06,Item de teste 2816
Produto 2817,2917,10,Cat7,A2,17,07,Item de teste 2817
Produto 2818,2918,10,Cat8,A3,18,08,Item de teste 2818
Produto 2819,2919,10,Cat9,A4,19,09,Item de teste 2819
Produto 2820,2920,10,Cat0,A0,00,00,Item de teste 2820
Produto 2821,2921,10,Cat1,A1,01,01,Item de teste 2821
Produto 2822,2922,10,Cat2,A2,02,02,Item de teste 2822
Produto 2823,2923,10,Cat3,A3,03,03,Item de teste 2823
Produto 2824,2924,10,Cat4,A4,04,04,Item de teste 2824
Produto 2825,2925,10,Cat5,A0,05,05,Item de teste 2825
Produto 2826,2926,10,Cat6,A1,06,06,Item de teste 2826
Produto 2827,2927,10,Cat7,A2,07,07,Item de teste 2827
Produto 2828,2928,10,Cat8,A3,08,08,Item de teste 2828
Produto 2829,2929,10,Cat9,A4,09,09,Item de teste 2829
Produto 2830,2930,10,Cat0,A0,10,00,Item de teste 2830
Produto 2831,2931,10,Cat1,A1,11,01,Item de teste 2831
Produto 2832,2932,10,Cat2,A2,12,02,Item de teste 2832
Produto 2833,2933,10,Cat3,A3,13,03,Item de teste 2833
Produto 2834,2934,10,Cat4,A4,14,04,Item de teste 2834
Produto 2835,2935,10,Cat5,A0,15,05,Item de teste 2835
Produto 2836,2936,10,Cat6,A1,16,06,Item de teste 2836
Produto 2837,2937,10,Cat7,A2,17,07,Item de teste 2837
Produto 2838,2938,10,Cat8,A3,18,08,Item de teste 2838
Produto 2839,2939,10,Cat9,A4,19,09,Item de teste 2839
Produto 2840,2940,10,Cat0,A0,00,00,Item de teste 2840
Produto 2841,2941,10,Cat1,A1,01,01,Item de teste 2841
Produto 2842,2942,10,Cat2,A2,02,02,Item de teste 2842
Produto 2843,2943,10,Cat3,A3,03,03,Item de teste 2843
Produto 2844,2944,10,Cat4,A4,04,04,Item de teste 2844
Produto 2845,2945,10,Cat5,A0,05,05,Item de teste 2845
Produto 2846,2946,10,Cat6,A1,06,06,Item de teste 2846
Produto 2847,2947,10,Cat7,A2,07,07,Item de teste 2847
Produto 2848,2948,10,Cat8,A3,08,08,Item de teste 2848
Produto 2849,2949,10,Cat9,A4,09,09,Item de teste 2849
Produto 2850,2950,10,Cat0,A0,10,00,Item de teste 2850
Produto 2851,2951,10,Cat1,A1,11,01,Item de teste 2851
Produto 2852,2952,10,Cat2,A2,12,02,Item de teste 2852
Produto 2853,2953,10,Cat3,A3,13,03,Item de teste 2853
Produto 2854,2954,10,Cat4,A4,14,04,Item de teste 2854
Produto 2855,2955,10,Cat5,A0,15,05,Item de teste 2855
Produto 2856,2956,10,Cat6,A1,16,06,Item de teste 2856
Produto 2857,2957,10,Cat7,A2,17,07,Item de teste 2857
Produto 2858,2958,10,Cat8,A3,18,08,Item de teste 2858
Produto 2859,2959,10,Cat9,A4,19,09,Item de teste 2859
Produto 2860,2960,10,Cat0,A0,00,00,Item de teste 2860
Produto 2861,2961,10,Cat1,A1,01,01,Item de teste 2861
Produto 2862,2962,10,Cat2,A2,02,02,Item de teste 2862
Produto 2863,2963,10,Cat3,A3,03,03,Item de teste 2863
Produto 2864,2964,10,Cat4,A4,04,04,Item de teste 2864
Produto 2865,2965,10,Cat5,A0,05,05,Item de teste 2865
Produto 2866,2966,10,Cat6,A1,06,06,Item de teste 2866
Produto 2867,2967,10,Cat7,A2,07,07,Item de teste 2867
Produto 2868,2968,10,Cat8,A3,08,08,Item de teste 2868
Produto 2869,2969,10,Cat9,A4,09,09,Item de teste 2869
Produto 2870,2970,10,Cat0,A0,10,00,Item de teste 2870
Produto 2871,2971,10,Cat1,A1,11,01,Item de teste 2871
Produto 2872,2972,10,Cat2,A2,12,02,Item de teste 2872
Produto 2873,2973,10,Cat3,A3,13,03,Item de teste 2873
Produto 2874,2974,10,Cat4,A4,14,04,Item de teste 2874
Produto 2875,2975,10,Cat5,A0,15,05,Item de teste 2875
Produto 2876,2976,10,Cat6,A1,16,06,Item de teste 2876
Produto 2877,2977,10,Cat7,A2,17,07,Item de teste 2877
Produto 2878,2978,10,Cat8,A3,18,08,Item de teste 2878
Produto 2879,2979,10,Cat9,A4,19,09,Item de teste 2879
Produto 2880,2980,10,Cat0,A0,00,00,Item de teste 2880
Produto 2881,2981,10,Cat1,A1,01,01,Item de teste 2881
Produto 2882,2982,10,Cat2,A2,02,02,Item de teste 2882
Produto 2883,2983,10,Cat3,A3,03,03,Item de teste 2883
Produto 2884,2984,10,Cat4,A4,04,04,Item de teste 2884
Produto 2885,2985,10,Cat5,A0,05,05,Item de teste 2885
Produto 2886,2986,10,Cat6,A1,06,06,Item de teste 2886
Produto 2887,2987,10,Cat7,A2,07,07,Item de teste 2887
Produto 2888,2988,10,Cat8,A3,08,08,Item de teste 2888
Produto 2889,2989,10,Cat9,A4,09,09,Item de teste 2889
Produto 2890,2990,10,Cat0,A0,10,00,Item de teste 2890
Produto 2891,2991,10,Cat1,A1,11,01,Item de teste 2891
Produto 2892,2992,10,Cat2,A2,12,02,Item de teste 2892
Produto 2893,2993,10,Cat3,A3,13,03,Item de teste 2893
Produto 2894,2994,10,Cat4,A4,14,04,Item de teste 2894
Produto 2895,2995,10,Cat5,A0,15,05,Item de teste 2895
Produto 2896,2996,10,Cat6,A1,16,06,Item de teste 2896
Produto 2897,2997,10,Cat7,A2,17,07,Item de teste 2897
Produto 2898,2998,10,Cat8,A3,18,08,Item de teste 2898
Produto 2899,2999,10,Cat9,A4,19,09,Item de teste 2899
Produto 2900,3000,10,Cat0,A0,00,00,Item de teste 2900
Produto 2901,3001,10,Cat1,A1,01,01,Item de teste 2901
Produto 2902,3002,10,Cat2,A2,02,02,Item de teste 2902
Produto 2903,3003,10,Cat3,A3,03,03,Item de teste 2903
Produto 2904,3004,10,Cat4,A4,04,04,Item de teste 2904
Produto 2905,3005,10,Cat5,A0,05,05,Item de teste 2905
Produto 2906,3006,10,Cat6,A1,06,06,Item de teste 2906
Produto 2907,3007,10,Cat7,A2,07,07,Item de teste 2907
Produto 2908,3008,10,Cat8,A3,08,08,Item de teste 2908
Produto 2909,3009,10,Cat9,A4,09,09,Item de teste 2909
Produto 2910,3010,10,Cat0,A0,10,00,Item de teste 2910
Produto 2911,3011,10,Cat1,A1,11,01,Item de teste 2911
Produto 2912,3012,10,Cat2,A2,12,02,Item de teste 2912
Produto 2913,3013,10,Cat3,A3,13,03,Item de teste 2913
Produto 2914,3014,10,Cat4,A4,14,04,Item de teste 2914
Produto 2915,3015,10,Cat5,A0,15,05,Item de teste 2915
Produto 2916,3016,10,Cat6,A1,16,06,Item de teste 2916
Produto 2917,3017,10,Cat7,A2,17,07,Item de teste 2917
Produto 2918,3018,10,Cat8,A3,18,08,Item de teste 2918
Produto 2919,3019,10,Cat9,A4,19,09,Item de teste 2919
Produto 2920,3020,10,Cat0,A0,00,00,Item de teste 2920
Produto 2921,3021,10,Cat1,A1,01,01,Item de teste 2921
Produto 2922,3022,10,Cat2,A2,02,02,Item de teste 2922
Produto 2923,3023,10,Cat3,A3,03,03,Item de teste 2923
Produto 2924,3024,10,Cat4,A4,04,04,Item de teste 2924
Produto 2925,3025,10,Cat5,A0,05,05,Item de teste 2925
Produto 2926,3026,10,Cat6,A1,06,06,Item de teste 2926
Produto 2927,3027,10,Cat7,A2,07,07,Item de teste 2927
Produto 2928,3028,10,Cat8,A3,08,08,Item de teste 2928
Produto 2929,3029,10,Cat9,A4,09,09,Item de teste 2929
Produto 2930,3030,10,Cat0,A0,10,00,Item de teste 2930
Produto 2931,3031,10,Cat1,A1,11,01,Item de teste 2931
Produto 2932,3032,10,Cat2,A2,12,02,Item de teste 2932
Produto 2933,3033,10,Cat3,A3,13,03,Item de teste 2933
Produto 2934,3034,10,Cat4,A4,14,04,Item de teste 2934
Produto 2935,3035,10,Cat5,A0,15,05,Item de teste 2935
Produto 2936,3036,10,Cat6,A1,16,06,Item de teste 2936
Produto 2937,3037,10,Cat7,A2,17,07,Item de teste 2937
Produto 2938,3038,10,Cat8,A3,18,08,Item de teste 2938
Produto 2939,3039,10,Cat9,A4,19,09,Item de teste 2939
Produto 2940,3040,10,Cat0,A0,00,00,Item de teste 2940
Produto 2941,3041,10,Cat1,A1,01,01,Item de teste 2941
Produto 2942,3042,10,Cat2,A2,02,02,Item de teste 2942
Produto 2943,3043,10,Cat3,A3,03,03,Item de teste 2943
Produto 2944,3044,10,Cat4,A4,04,04,Item de teste 2944
Produto 2945,3045,10,Cat5,A0,05,05,Item de teste 2945
Produto 2946,3046,10,Cat6,A1,06,06,Item de teste 2946
Produto 2947,3047,10,Cat7,A2,07,07,Item de teste 2947
Produto 2948,3048,10,Cat8,A3,08,08,Item de teste 2948
Produto 2949,3049,10,Cat9,A4,09,09,Item de teste 2949
Produto 2950,3050,10,Cat0,A0,10,00,Item de teste 2950
Produto 2951,3051,10,Cat1,A1,11,01,Item de teste 2951
Produto 2952,3052,10,Cat2,A2,12,02,Item de teste 2952
Produto 2953,3053,10,Cat3,A3,13,03,Item de teste 2953
Produto 2954,3054,10,Cat4,A4,14,04,Item de teste 2954
Produto 2955,3055,10,Cat5,A0,15,05,Item de teste 2955
Produto 2956,3056,10,Cat6,A1,16,06,Item de teste 2956
Produto 2957,3057,10,Cat7,A2,17,07,Item de teste 2957
Produto 2958,3058,10,Cat8,A3,18,08,Item de teste 2958
Produto 2959,3059,10,Cat9,A4,19,09,Item de teste 2959
Produto 2960,3060,10,Cat0,A0,00,00,Item de teste 2960
Produto 2961,3061,10,Cat1,A1,01,01,Item de teste 2961
Produto 2962,3062,10,Cat2,A2,02,02,Item de teste 2962
Produto 2963,3063,10,Cat3,A3,03,03,Item de teste 2963
Produto 2964,3064,10,Cat4,A4,04,04,Item de teste 2964
Produto 2965,3065,10,Cat5,A0,05,05,Item de teste 2965
Produto 2966,3066,10,Cat6,A1,06,06,Item de teste 2966
Produto 2967,3067,10,Cat7,A2,07,07,Item de teste 2967
Produto 2968,3068,10,Cat8,A3,08,08,Item de teste 2968
Produto 2969,3069,10,Cat9,A4,09,09,Item de teste 2969
Produto 2970,3070,10,Cat0,A0,10,00,Item de teste 2970
Produto 2971,3071,10,Cat1,A1,11,01,Item de teste 2971
Produto 2972,3072,10,Cat2,A2,12,02,Item de teste 2972
Produto 2973,3073,10,Cat3,A3,13,03,Item de teste 2973
Produto 2974,3074,10,Cat4,A4,14,04,Item de teste 2974
Produto 2975,3075,10,Cat5,A0,15,05,Item de teste 2975
Produto 2976,3076,10,Cat6,A1,16,06,Item de teste 2976
Produto 2977,3077,10,Cat7,A2,17,07,Item de teste 2977
Produto 2978,3078,10,Cat8,A3,18,08,Item de teste 2978
Produto 2979,3079,10,Cat9,A4,19,09,Item de teste 2979
Produto 2980,3080,10,Cat0,A0,00,00,Item de teste 2980
Produto 2981,3081,10,Cat1,A1,01,01,Item de teste 2981
Produto 2982,3082,10,Cat2,A2,02,02,Item de teste 2982
Produto 2983,3083,10,Cat3,A3,03,03,Item de teste 2983
Produto 2984,3084,10,Cat4,A4,04,04,Item de teste 2984
Produto 2985,3085,10,Cat5,A0,05,05,Item de teste 2985
Produto 2986,3086,10,Cat6,A1,06,06,Item de teste 2986
Produto 2987,3087,10,Cat7,A2,07,07,Item de teste 2987
Produto 2988,3088,10,Cat8,A3,08,08,Item de teste 2988
Produto 2989,3089,10,Cat9,A4,09,09,Item de teste 2989
Produto 2990,3090,10,Cat0,A0,10,00,Item de teste 2990
Produto 2991,3091,10,Cat1,A1,11,01,Item de teste 2991
Produto 2992,3092,10,Cat2,A2,12,02,Item de teste 2992
Produto 2993,3093,10,Cat3,A3,13,03,Item de teste 2993
Produto 2994,3094,10,Cat4,A4,14,04,Item de teste 2994
Produto 2995,3095,10,Cat5,A0,15,05,Item de teste 2995
Produto 2996,3096,10,Cat6,A1,16,06,Item de teste 2996
Produto 2997,3097,10,Cat7,A2,17,07,Item de teste 2997
Produto 2998,3098,10,Cat8,A3,18,08,Item de teste 2998
Produto 2999,3099,10,Cat9,A4,19,09,Item de teste 2999
Produto 3000,3100,10,Cat0,A0,00,00,Item de teste 3000
Produto 3001,3101,10,Cat1,A1,01,01,Item de teste 3001
Produto 3002,3102,10,Cat2,A2,02,02,Item de teste 3002
Produto 3003,3103,10,Cat3,A3,03,03,Item de teste 3003
Produto 3004,3104,10,Cat4,A4,04,04,Item de teste 3004
Produto 3005,3105,10,Cat5,A0,05,05,Item de teste 3005
Produto 3006,3106,10,Cat6,A1,06,06,Item de teste 3006
Produto 3007,3107,10,Cat7,A2,07,07,Item de teste 3007
Produto 3008,3108,10,Cat8,A3,08,08,Item de teste 3008
Produto 3009,3109,10,Cat9,A4,09,09,Item de teste 3009
Produto 3010,3110,10,Cat0,A0,10,00,Item de teste 3010
Produto 3011,3111,10,Cat1,A1,11,01,Item de teste 3011
Produto 3012,3112,10,Cat2,A2,12,02,Item de teste 3012
Produto 3013,3113,10,Cat3,A3,13,03,Item de teste 3013
Produto 3014,3114,10,Cat4,A4,14,04,Item de teste 3014
Produto 3015,3115,10,Cat5,A0,15,05,Item de teste 3015
Produto 3016,3116,10,Cat6,A1,16,06,Item de teste 3016
Produto 3017,3117,10,Cat7,A2,17,07,Item de teste 3017
Produto 3018,3118,10,Cat8,A3,18,08,Item de teste 3018
Produto 3019,3119,10,Cat9,A4,19,09,Item de teste 3019
Produto 3020,3120,10,Cat0,A0,00,00,Item de teste 3020
Produto 3021,3121,10,Cat1,A1,01,01,Item de teste 3021
Produto 3022,3122,10,Cat2,A2,02,02,Item de teste 3022
Produto 3023,3123,10,Cat3,A3,03,03,Item de teste 3023
Produto 3024,3124,10,Cat4,A4,04,04,Item de teste 3024
Produto 3025,3125,10,Cat5,A0,05,05,Item de teste 3025
Produto 3026,3126,10,Cat6,A1,06,06,Item de teste 3026
Produto 3027,3127,10,Cat7,A2,07,07,Item de teste 3027
Produto 3028,3128,10,Cat8,A3,08,08,Item de teste 3028
Produto 3029,3129,10,Cat9,A4,09,09,Item de teste 3029
Produto 3030,3130,10,Cat0,A0,10,00,Item de teste 3030
Produto 3031,3131,10,Cat1,A1,11,01,Item de teste 3031
Produto 3032,3132,10,Cat2,A2,12,02,Item de teste 3032
Produto 3033,3133,10,Cat3,A3,13,03,Item de teste 3033
Produto 3034,3134,10,Cat4,A4,14,04,Item de teste 3034
Produto 3035,3135,10,Cat5,A0,15,05,Item de teste 3035
Produto 3036,3136,10,Cat6,A1,16,06,Item de teste 3036
Produto 3037,3137,10,Cat7,A2,17,07,Item de teste 3037
Produto 3038,3138,10,Cat8,A3,18,08,Item de teste 3038
Produto 3039,3139,10,Cat9,A4,19,09,Item de teste 3039
Produto 3040,3140,10,Cat0,A0,00,00,Item de teste 3040
Produto 3041,3141,10,Cat1,A1,01,01,Item de teste 3041
Produto 3042,3142,10,Cat2,A2,02,02,Item de teste 3042
Produto 3043,3143,10,Cat3,A3,03,03,Item de teste 3043
Produto 3044,3144,10,Cat4,A4,04,04,Item de teste 3044
Produto 3045,3145,10,Cat5,A0,05,05,Item de teste 3045
Produto 3046,3146,10,Cat6,A1,06,06,Item de teste 3046
Produto 3047,3147,10,Cat7,A2,07,07,Item de teste 3047
Produto 3048,3148,10,Cat8,A3,08,08,Item de teste 3048
Produto 3049,3149,10,Cat9,A4,09,09,Item de teste 3049
Produto 3050,3150,10,Cat0,A0,10,00,Item de teste 3050
Produto 3051,3151,10,Cat1,A1,11,01,Item de teste 3051
Produto 3052,3152,10,Cat2,A2,12,02,Item de teste 3052
Produto 3053,3153,10,Cat3,A3,13,03,Item de teste 3053
Produto 3054,3154,10,Cat4,A4,14,04,Item de teste 3054
Produto 3055,3155,10,Cat5,A0,15,05,Item de teste 3055
Produto 3056,3156,10,Cat6,A1,16,06,Item de teste 3056
Produto 3057,3157,10,Cat7,A2,17,07,Item de teste 3057
Produto 3058,3158,10,Cat8,A3,18,08,Item de teste 3058
Produto 3059,3159,10,Cat9,A4,19,09,Item de teste 3059
Produto 3060,3160,10,Cat0,A0,00,00,Item de teste 3060
Produto 3061,3161,10,Cat1,A1,01,01,Item de teste 3061
Produto 3062,3162,10,Cat2,A2,02,02,Item de teste 3062
Produto 3063,3163,10,Cat3,A3,03,03,Item de teste 3063
Produto 3064,3164,10,Cat4,A4,04,04,Item de teste 3064
Produto 3065,3165,10,Cat5,A0,05,05,Item de teste 3065
Produto 3066,3166,10,Cat6,A1,06,06,Item de teste 3066
Produto 3067,3167,10,Cat7,A2,07,07,Item de teste 3067
Produto 3068,3168,10,Cat8,A3,08,08,Item de teste 3068
Produto 3069,3169,10,Cat9,A4,09,09,Item de teste 3069
Produto 3070,3170,10,Cat0,A0,10,00,Item de teste 3070
Produto 3071,3171,10,Cat1,A1,11,01,Item de teste 3071
Produto 3072,3172,10,Cat2,A2,12,02,Item de teste 3072
Produto 3073,3173,10,Cat3,A3,13,03,Item de teste 3073
Produto 3074,3174,10,Cat4,A4,14,04,Item de teste 3074
Produto 3075,3175,10,Cat5,A0,15,05,Item de teste 3075
Produto 3076,3176,10,Cat6,A1,16,06,Item de teste 3076
Produto 3077,3177,10,Cat7,A2,17,07,Item de teste 3077
Produto 3078,3178,10,Cat8,A3,18,08,Item de teste 3078
Produto 3079,3179,10,Cat9,A4,19,09,Item de teste 3079
Produto 3080,3180,10,Cat0,A0,00,00,Item de teste 3080
Produto 3081,3181,10,Cat1,A1,01,01,Item de teste 3081
Produto 3082,3182,10,Cat2,A2,02,02,Item de teste 3082
Produto 3083,3183,10,Cat3,A3,03,03,Item de teste 3083
Produto 3084,3184,10,Cat4,A4,04,04,Item de teste 3084
Produto 3085,3185,10,Cat5,A0,05,05,Item de teste 3085
Produto 3086,3186,10,Cat6,A1,06,06,Item de teste 3086
Produto 3087,3187,10,Cat7,A2,07,07,Item de teste 3087
Produto 3088,3188,10,Cat8,A3,08,08,Item de teste 3088
Produto 3089,3189,10,Cat9,A4,09,09,Item de teste 3089
Produto 3090,3190,10,Cat0,A0,10,00,Item de teste 3090
Produto 3091,3191,10,Cat1,A1,11,01,Item de teste 3091
Produto 3092,3192,10,Cat2,A2,12,02,Item de teste 3092
Produto 3093,3193,10,Cat3,A3,13,03,Item de teste 3093
Produto 3094,3194,10,Cat4,A4,14,04,Item de teste 3094
Produto 3095,3195,10,Cat5,A0,15,05,Item de teste 3095
Produto 3096,3196,10,Cat6,A1,16,06,Item de teste 3096
Produto 3097,3197,10,Cat7,A2,17,07,Item de teste 3097
Produto 3098,3198,10,Cat8,A3,18,08,Item de teste 3098
Produto 3099,3199,10,Cat9,A4,19,09,Item de teste 3099
Produto 3100,3200,10,Cat0,A0,00,00,Item de teste 3100
Produto 3101,3201,10,Cat1,A1,01,01,Item de teste 3101
Produto 3102,3202,10,Cat2,A2,02,02,Item de teste 3102
Produto 3103,3203,10,Cat3,A3,03,03,Item de teste 3103
Produto 3104,3204,10,Cat4,A4,04,04,Item de teste 3104
Produto 3105,3205,10,Cat5,A0,05,05,Item de teste 3105
Produto 3106,3206,10,Cat6,A1,06,06,Item de teste 3106
Produto 3107,3207,10,Cat7,A2,07,07,Item de teste 3107
Produto 3108,3208,10,Cat8,A3,08,08,Item de teste 3108
Produto 3109,3209,10,Cat9,A4,09,09,Item de teste 3109
Produto 3110,3210,10,Cat0,A0,10,00,Item de teste 3110
Produto 3111,3211,10,Cat1,A1,11,01,Item de teste 3111
Produto 3112,3212,10,Cat2,A2,12,02,Item de teste 3112
Produto 3113,3213,10,Cat3,A3,13,03,Item de teste 3113
Produto 3114,3214,10,Cat4,A4,14,04,Item de teste 3114
Produto 3115,3215,10,Cat5,A0,15,05,Item de teste 3115
Produto 3116,3216,10,Cat6,A1,16,06,Item de teste 3116
Produto 3117,3217,10,Cat7,A2,17,07,Item de teste 3117
Produto 3118,3218,10,Cat8,A3,18,08,Item de teste 3118
Produto 3119,3219,10,Cat9,A4,19,09,Item de teste 3119
Produto 3120,3220,10,Cat0,A0,00,00,Item de teste 3120
Produto 3121,3221,10,Cat1,A1,01,01,Item de teste 3121
Produto 3122,3222,10,Cat2,A2,02,02,Item de teste 3122
Produto 3123,3223,10,Cat3,A3,03,03,Item de teste 3123
Produto 3124,3224,10,Cat4,A4,04,04,Item de teste 3124
Produto 3125,3225,10,Cat5,A0,05,05,Item de teste 3125
Produto 3126,3226,10,Cat6,A1,06,06,Item de teste 3126
Produto 3127,3227,10,Cat7,A2,07,07,Item de teste 3127
Produto 3128,3228,10,Cat8,A3,08,08,Item de teste 3128
Produto 3129,3229,10,Cat9,A4,09,09,Item de teste 3129
Produto 3130,3230,10,Cat0,A0,10,00,Item de teste 3130
Produto 3131,3231,10,Cat1,A1,11,01,Item de teste 3131
Produto 3132,3232,10,Cat2,A2,12,02,Item de teste 3132
Produto 3133,3233,10,Cat3,A3,13,03,Item de teste 3133
Produto 3134,3234,10,Cat4,A4,14,04,Item de teste 3134
Produto 3135,3235,10,Cat5,A0,15,05,Item de teste 3135
Produto 3136,3236,10,Cat6,A1,16,06,Item de teste 3136
Produto 3137,3237,10,Cat7,A2,17,07,Item de teste 3137
Produto 3138,3238,10,Cat8,A3,18,08,Item de teste 3138
Produto 3139,3239,10,Cat9,A4,19,09,Item de teste 3139
Produto 3140,3240,10,Cat0,A0,00,00,Item de teste 3140
Produto 3141,3241,10,Cat1,A1,01,01,Item de teste 3141
Produto 3142,3242,10,Cat2,A2,02,02,Item de teste 3142
Produto 3143,3243,10,Cat3,A3,03,03,Item de teste 3143
Produto 3144,3244,10,Cat4,A4,04,04,Item de teste 3144
Produto 3145,3245,10,Cat5,A0,05,05,Item de teste 3145
Produto 3146,3246,10,Cat6,A1,06,06,Item de teste 3146
Produto 3147,3247,10,Cat7,A2,07,07,Item de teste 3147
Produto 3148,3248,10,Cat8,A3,08,08,Item de teste 3148
Produto 3149,3249,10,Cat9,A4,09,09,Item de teste 3149
Produto 3150,3250,10,Cat0,A0,10,00,Item de teste 3150
Produto 3151,3251,10,Cat1,A1,11,01,Item de teste 3151
Produto 3152,3252,10,Cat2,A2,12,02,Item de teste 3152
Produto 3153,3253,10,Cat3,A3,13,03,Item de teste 3153
Produto 3154,3254,10,Cat4,A4,14,04,Item de teste 3154
Produto 3155,3255,10,Cat5,A0,15,05,Item de teste 3155
Produto 3156,3256,10,Cat6,A1,16,06,Item de teste 3156
Produto 3157,3257,10,Cat7,A2,17,07,Item de teste 3157
Produto 3158,3258,10,Cat8,A3,18,08,Item de teste 3158
Produto 3159,3259,10,Cat9,A4,19,09,Item de teste 3159
Produto 3160,3260,10,Cat0,A0,00,00,Item de teste 3160
Produto 3161,3261,10,Cat1,A1,01,01,Item de teste 3161
Produto 3162,3262,10,Cat2,A2,02,02,Item de teste 3162
Produto 3163,3263,10,Cat3,A3,03,03,Item de teste 3163
Produto 3164,3264,10,Cat4,A4,04,04,Item de teste 3164
Produto 3165,3265,10,Cat5,A0,05,05,Item de teste 3165
Produto 3166,3266,10,Cat6,A1,06,06,Item de teste 3166
Produto 3167,3267,10,Cat7,A2,07,07,Item de teste 3167
Produto 3168,3268,10,Cat8,A3,08,08,Item de teste 3168
Produto 3169,3269,10,Cat9,A4,09,09,Item de teste 3169
Produto 3170,3270,10,Cat0,A0,10,00,Item de teste 3170
Produto 3171,3271,10,Cat1,A1,11,01,Item de teste 3171
Produto 3172,3272,10,Cat2,A2,12,02,Item de teste 3172
Produto 3173,3273,10,Cat3,A3,13,03,Item de teste 3173
Produto 3174,3274,10,Cat4,A4,14,04,Item de teste 3174
Produto 3175,3275,10,Cat5,A0,15,05,Item de teste 3175
Produto 3176,3276,10,Cat6,A1,16,06,Item de teste 3176
Produto 3177,3277,10,Cat7,A2,17,07,Item de teste 3177
Produto 3178,3278,10,Cat8,A3,18,08,Item de teste 3178
Produto 3179,3279,10,Cat9,A4,19,09,Item de teste 3179
Produto 3180,3280,10,Cat0,A0,00,00,Item de teste 3180
Produto 3181,3281,10,Cat1,A1,01,01,Item de teste 3181
Produto 3182,3282,10,Cat2,A2,02,02,Item de teste 3182
Produto 3183,3283,10,Cat3,A3,03,03,Item de teste 3183
Produto 3184,3284,10,Cat4,A4,04,04,Item de teste 3184
Produto 3185,3285,10,Cat5,A0,05,05,Item de teste 3185
Produto 3186,3286,10,Cat6,A1,06,06,Item de teste 3186
Produto 3187,3287,10,Cat7,A2,07,07,Item de teste 3187
Produto 3188,3288,10,Cat8,A3,08,08,Item de teste 3188
Produto 3189,3289,10,Cat9,A4,09,09,Item de teste 3189
Produto 3190,3290,10,Cat0,A0,10,00,Item de teste 3190
Produto 3191,3291,10,Cat1,A1,11,01,Item de teste 3191
Produto 3192,3292,10,Cat2,A2,12,02,Item de teste 3192
Produto 3193,3293,10,Cat3,A3,13,03,Item de teste 3193
Produto 3194,3294,10,Cat4,A4,14,04,Item de teste 3194
Produto 3195,3295,10,Cat5,A0,15,05,Item de teste 3195
Produto 3196,3296,10,Cat6,A1,16,06,Item de teste 3196
Produto 3197,3297,10,Cat7,A2,17,07,Item de teste 3197
Produto 3198,3298,10,Cat8,A3,18,08,Item de teste 3198
Produto 3199,3299,10,Cat9,A4,19,09,Item de teste 3199
Produto 3200,3300,10,Cat0,A0,00,00,Item de teste 3200
Produto 3201,3301,10,Cat1,A1,01,01,Item de teste 3201
Produto 3202,3302,10,Cat2,A2,02,02,Item de teste 3202
Produto 3203,3303,10,Cat3,A3,03,03,Item de teste 3203
Produto 3204,3304,10,Cat4,A4,04,04,Item de teste 3204
Produto 3205,3305,10,Cat5,A0,05,05,Item de teste 3205
Produto 3206,3306,10,Cat6,A1,06,06,Item de teste 3206
Produto 3207,3307,10,Cat7,A2,07,07,Item de teste 3207
Produto 3208,3308,10,Cat8,A3,08,08,Item de teste 3208
Produto 3209,3309,10,Cat9,A4,09,09,Item de teste 3209
Produto 3210,3310,10,Cat0,A0,10,00,Item de teste 3210
Produto 3211,3311,10,Cat1,A1,11,01,Item de teste 3211
Produto 3212,3312,10,Cat2,A2,12,02,Item de teste 3212
Produto 3213,3313,10,Cat3,A3,13,03,Item de teste 3213
Produto 3214,3314,10,Cat4,A4,14,04,Item de teste 3214
Produto 3215,3315,10,Cat5,A0,15,05,Item de teste 3215
Produto 3216,3316,10,Cat6,A1,16,06,Item de teste 3216
Produto 3217,3317,10,Cat7,A2,17,07,Item de teste 3217
Produto 3218,3318,10,Cat8,A3,18,08,Item de teste 3218
Produto 3219,3319,10,Cat9,A4,19,09,Item de teste 3219
Produto 3220,3320,10,Cat0,A0,00,00,Item de teste 3220
Produto 3221,3321,10,Cat1,A1,01,01,Item de teste 3221
Produto 3222,3322,10,Cat2,A2,02,02,Item de teste 3222
Produto 3223,3323,10,Cat3,A3,03,03,Item de teste 3223
Produto 3224,3324,10,Cat4,A4,04,04,Item de teste 3224
Produto 3225,3325,10,Cat5,A0,05,05,Item de teste 3225
Produto 3226,3326,10,Cat6,A1,06,06,Item de teste 3226
Produto 3227,3327,10,Cat7,A2,07,07,Item de teste 3227
Produto 3228,3328,10,Cat8,A3,08,08,Item de teste 3228
Produto 3229,3329,10,Cat9,A4,09,09,Item de teste 3229
Produto 3230,3330,10,Cat0,A0,10,00,Item de teste 3230
Produto 3231,3331,10,Cat1,A1,11,01,Item de teste 3231
Produto 3232,3332,10,Cat2,A2,12,02,Item de teste 3232
Produto 3233,3333,10,Cat3,A3,13,03,Item de teste 3233
Produto 3234,3334,10,Cat4,A4,14,04,Item de teste 3234
Produto 3235,3335,10,Cat5,A0,15,05,Item de teste 3235
Produto 3236,3336,10,Cat6,A1,16,06,Item de teste 3236
Produto 3237,3337,10,Cat7,A2,17,07,Item de teste 3237
Produto 3238,3338,10,Cat8,A3,18,08,Item de teste 3238
Produto 3239,3339,10,Cat9,A4,19,09,Item de teste 3239
Produto 3240,3340,10,Cat0,A0,00,00,Item de teste 3240
Produto 3241,3341,10,Cat1,A1,01,01,Item de teste 3241
Produto 3242,3342,10,Cat2,A2,02,02,Item de teste 3242
Produto 3243,3343,10,Cat3,A3,03,03,Item de teste 3243
Produto 3244,3344,10,Cat4,A4,04,04,Item de teste 3244
Produto 3245,3345,10,Cat5,A0,05,05,Item de teste 3245
Produto 3246,3346,10,Cat6,A1,06,06,Item de teste 3246
Produto 3247,3347,10,Cat7,A2,07,07,Item de teste 3247
Produto 3248,3348,10,Cat8,A3,08,08,Item de teste 3248
Produto 3249,3349,10,Cat9,A4,09,09,Item de teste 3249
Produto 3250,3350,10,Cat0,A0,10,00,Item de teste 3250
Produto 3251,3351,10,Cat1,A1,11,01,Item de teste 3251
Produto 3252,3352,10,Cat2,A2,12,02,Item de teste 3252
Produto 3253,3353,10,Cat3,A3,13,03,Item de teste 3253
Produto 3254,3354,10,Cat4,A4,14,04,Item de teste 3254
Produto 3255,3355,10,Cat5,A0,15,05,Item de teste 3255
Produto 3256,3356,10,Cat6,A1,16,06,Item de teste 3256
Produto 3257,3357,10,Cat7,A2,17,07,Item de teste 3257
Produto 3258,3358,10,Cat8,A3,18,08,Item de teste 3258
Produto 3259,3359,10,Cat9,A4,19,09,Item de teste 3259
Produto 3260,3360,10,Cat0,A0,00,00,Item de teste 3260
Produto 3261,3361,10,Cat1,A1,01,01,Item de teste 3261
Produto 3262,3362,10,Cat2,A2,02,02,Item de teste 3262
Produto 3263,3363,10,Cat3,A3,03,03,Item de teste 3263
Produto 3264,3364,10,Cat4,A4,04,04,Item de teste 3264
Produto 3265,3365,10,Cat5,A0,05,05,Item de teste 3265
Produto 3266,3366,10,Cat6,A1,06,06,Item de teste 3266
Produto 3267,3367,10,Cat7,A2,07,07,Item de teste 3267
Produto 3268,3368,10,Cat8,A3,08,08,Item de teste 3268
Produto 3269,3369,10,Cat9,A4,09,09,Item de teste 3269
Produto 3270,3370,10,Cat0,A0,10,00,Item de teste 3270
Produto 3271,3371,10,Cat1,A1,11,01,Item de teste 3271
Produto 3272,3372,10,Cat2,A2,12,02,Item de teste 3272
Produto 3273,3373,10,Cat3,A3,13,03,Item de teste 3273
Produto 3274,3374,10,Cat4,A4,14,04,Item de teste 3274
Produto 3275,3375,10,Cat5,A0,15,05,Item de teste 3275
Produto 3276,3376,10,Cat6,A1,16,06,Item de teste 3276
Produto 3277,3377,10,Cat7,A2,17,07,Item de teste 3277
Produto 3278,3378,10,Cat8,A3,18,08,Item de teste 3278
Produto 3279,3379,10,Cat9,A4,19,09,Item de teste 3279
Produto 3280,3380,10,Cat0,A0,00,00,Item de teste 3280
Produto 3281,3381,10,Cat1,A1,01,01,Item de teste 3281
Produto 3282,3382,10,Cat2,A2,02,02,Item de teste 3282
Produto 3283,3383,10,Cat3,A3,03,03,Item de teste 3283
Produto 3284,3384,10,Cat4,A4,04,04,Item de teste 3284
Produto 3285,3385,10,Cat5,A0,05,05,Item de teste 3285
Produto 3286,3386,10,Cat6,A1,06,06,Item de teste 3286
Produto 3287,3387,10,Cat7,A2,07,07,Item de teste 3287
Produto 3288,3388,10,Cat8,A3,08,08,Item de teste 3288
Produto 3289,3389,10,Cat9,A4,09,09,Item de teste 3289
Produto 3290,3390,10,Cat0,A0,10,00,Item de teste 3290
Produto 3291,3391,10,Cat1,A1,11,01,Item de teste 3291
Produto 3292,3392,10,Cat2,A2,12,02,Item de teste 3292
Produto 3293,3393,10,Cat3,A3,13,03,Item de teste 3293
Produto 3294,3394,10,Cat4,A4,14,04,Item de teste 3294
Produto 3295,3395,10,Cat5,A0,15,05,Item de teste 3295
Produto 3296,3396,10,Cat6,A1,16,06,Item de teste 3296
Produto 3297,3397,10,Cat7,A2,17,07,Item de teste 3297
Produto 3298,3398,10,Cat8,A3,18,08,Item de teste 3298
Produto 3299,3399,10,Cat9,A4,19,09,Item de teste 3299
Produto 3300,3400,10,Cat0,A0,00,00,Item de teste 3300
Produto 3301,3401,10,Cat1,A1,01,01,Item de teste 3301
Produto 3302,3402,10,Cat2,A2,02,02,Item de teste 3302
Produto 3303,3403,10,Cat3,A3,03,03,Item de teste 3303
Produto 3304,3404,10,Cat4,A4,04,04,Item de teste 3304
Produto 3305,3405,10,Cat5,A0,05,05,Item de teste 3305
Produto 3306,3406,10,Cat6,A1,06,06,Item de teste 3306
Produto 3307,3407,10,Cat7,A2,07,07,Item de teste 3307
Produto 3308,3408,10,Cat8,A3,08,08,Item de teste 3308
Produto 3309,3409,10,Cat9,A4,09,09,Item de teste 3309
Produto 3310,3410,10,Cat0,A0,10,00,Item de teste 3310
Produto 3311,3411,10,Cat1,A1,11,01,Item de teste 3311
Produto 3312,3412,10,Cat2,A2,12,02,Item de teste 3312
Produto 3313,3413,10,Cat3,A3,13,03,Item de teste 3313
Produto 3314,3414,10,Cat4,A4,14,04,Item de teste 3314
Produto 3315,3415,10,Cat5,A0,15,05,Item de teste 3315
Produto 3316,3416,10,Cat6,A1,16,06,Item de teste 3316
Produto 3317,3417,10,Cat7,A2,17,07,Item de teste 3317
Produto 3318,3418,10,Cat8,A3,18,08,Item de teste 3318
Produto 3319,3419,10,Cat9,A4,19,09,Item de teste 3319
Produto 3320,3420,10,Cat0,A0,00,00,Item de teste 3320
Produto 3321,3421,10,Cat1,A1,01,01,Item de teste 3321
Produto 3322,3422,10,Cat2,A2,02,02,Item de teste 3322
Produto 3323,3423,10,Cat3,A3,03,03,Item de teste 3323
Produto 3324,3424,10,Cat4,A4,04,04,Item de teste 3324
Produto 3325,3425,10,Cat5,A0,05,05,Item de teste 3325
Produto 3326,3426,10,Cat6,A1,06,06,Item de teste 3326
Produto 3327,3427,10,Cat7,A2,07,07,Item de teste 3327
Produto 3328,3428,10,Cat8,A3,08,08,Item de teste 3328
Produto 3329,3429,10,Cat9,A4,09,09,Item de teste 3329
Produto 3330,3430,10,Cat0,A0,10,00,Item de teste 3330
Produto 3331,3431,10,Cat1,A1,11,01,Item de teste 3331
Produto 3332,3432,10,Cat2,A2,12,02,Item de teste 3332
Produto 3333,3433,10,Cat3,A3,13,03,Item de teste 3333
Produto 3334,3434,10,Cat4,A4,14,04,Item de teste 3334
Produto 3335,3435,10,Cat5,A0,15,05,Item de teste 3335
Produto 3336,3436,10,Cat6,A1,16,06,Item de teste 3336
Produto 3337,3437,10,Cat7,A2,17,07,Item de teste 3337
Produto 3338,3438,10,Cat8,A3,18,08,Item de teste 3338
Produto 3339,3439,10,Cat9,A4,19,09,Item de teste 3339
Produto 3340,3440,10,Cat0,A0,00,00,Item de teste 3340
Produto 3341,3441,10,Cat1,A1,01,01,Item de teste 3341
Produto 3342,3442,10,Cat2,A2,02,02,Item de teste 3342
Produto 3343,3443,10,Cat3,A3,03,03,Item de teste 3343
Produto 3344,3444,10,Cat4,A4,04,04,Item de teste 3344
Produto 3345,3445,10,Cat5,A0,05,05,Item de teste 3345
Produto 3346,3446,10,Cat6,A1,06,06,Item de teste 3346
Produto 3347,3447,10,Cat7,A2,07,07,Item de teste 3347
Produto 3348,3448,10,Cat8,A3,08,08,Item de teste 3348
Produto 3349,3449,10,Cat9,A4,09,09,Item de teste 3349
Produto 3350,3450,10,Cat0,A0,10,00,Item de teste 3350
Produto 3351,3451,10,Cat1,A1,11,01,Item de teste 3351
Produto 3352,3452,10,Cat2,A2,12,02,Item de teste 3352
Produto 3353,3453,10,Cat3,A3,13,03,Item de teste 3353
Produto 3354,3454,10,Cat4,A4,14,04,Item de teste 3354
Produto 3355,3455,10,Cat5,A0,15,05,Item de teste 3355
Produto 3356,3456,10,Cat6,A1,16,06,Item de teste 3356
Produto 3357,3457,10,Cat7,A2,17,07,Item de teste 3357
Produto 3358,3458,10,Cat8,A3,18,08,Item de teste 3358
Produto 3359,3459,10,Cat9,A4,19,09,Item de teste 3359
Produto 3360,3460,10,Cat0,A0,00,00,Item de teste 3360
Produto 3361,3461,10,Cat1,A1,01,01,Item de teste 3361
Produto 3362,3462,10,Cat2,A2,02,02,Item de teste 3362
Produto 3363,3463,10,Cat3,A3,03,03,Item de teste 3363
Produto 3364,3464,10,Cat4,A4,04,04,Item de teste 3364
Produto 3365,3465,10,Cat5,A0,05,05,Item de teste 3365
Produto 3366,3466,10,Cat6,A1,06,06,Item de teste 3366
Produto 3367,3467,10,Cat7,A2,07,07,Item de teste 3367
Produto 3368,3468,10,Cat8,A3,08,08,Item de teste 3368
Produto 3369,3469,10,Cat9,A4,09,09,Item de teste 3369
Produto 3370,3470,10,Cat0,A0,10,00,Item de teste 3370
Produto 3371,3471,10,Cat1,A1,11,01,Item de teste 3371
Produto 3372,3472,10,Cat2,A2,12,02,Item de teste 3372
Produto 3373,3473,10,Cat3,A3,13,03,Item de teste 3373
Produto 3374,3474,10,Cat4,A4,14,04,Item de teste 3374
Produto 3375,3475,10,Cat5,A0,15,05,Item de teste 3375
Produto 3376,3476,10,Cat6,A1,16,06,Item de teste 3376
Produto 3377,3477,10,Cat7,A2,17,07,Item de teste 3377
Produto 3378,3478,10,Cat8,A3,18,08,Item de teste 3378
Produto 3379,3479,10,Cat9,A4,19,09,Item de teste 3379
Produto 3380,3480,10,Cat0,A0,00,00,Item de teste 3380
Produto 3381,3481,10,Cat1,A1,01,01,Item de teste 3381
Produto 3382,3482,10,Cat2,A2,02,02,Item de teste 3382
Produto 3383,3483,10,Cat3,A3,03,03,Item de teste 3383
Produto 3384,3484,10,Cat4,A4,04,04,Item de teste 3384
Produto 3385,3485,10,Cat5,A0,05,05,Item de teste 3385
Produto 3386,3486,10,Cat6,A1,06,06,Item de teste 3386
Produto 3387,3487,10,Cat7,A2,07,07,Item de teste 3387
Produto 3388,3488,10,Cat8,A3,08,08,Item de teste 3388
Produto 3389,3489,10,Cat9,A4,09,09,Item de teste 3389
Produto 3390,3490,10,Cat0,A0,10,00,Item de teste 3390
Produto 3391,3491,10,Cat1,A1,11,01,Item de teste 3391
Produto 3392,3492,10,Cat2,A2,12,02,Item de teste 3392
Produto 3393,3493,10,Cat3,A3,13,03,Item de teste 3393
Produto 3394,3494,10,Cat4,A4,14,04,Item de teste 3394
Produto 3395,3495,10,Cat5,A0,15,05,Item de teste 3395
Produto 3396,3496,10,Cat6,A1,16,06,Item de teste 3396
Produto 3397,3497,10,Cat7,A2,17,07,Item de teste 3397
Produto 3398,3498,10,Cat8,A3,18,08,Item de teste 3398
Produto 3399,3499,10,Cat9,A4,19,09,Item de teste 3399
Produto 3400,3500,10,Cat0,A0,00,00,Item de teste 3400
Produto 3401,3501,10,Cat1,A1,01,01,Item de teste 3401
Produto 3402,3502,10,Cat2,A2,02,02,Item de teste 3402
Produto 3403,3503,10,Cat3,A3,03,03,Item de teste 3403
Produto 3404,3504,10,Cat4,A4,04,04,Item de teste 3404
Produto 3405,3505,10,Cat5,A0,05,05,Item de teste 3405
Produto 3406,3506,10,Cat6,A1,06,06,Item de teste 3406
Produto 3407,3507,10,Cat7,A2,07,07,Item de teste 3407
Produto 3408,3508,10,Cat8,A3,08,08,Item de teste 3408
Produto 3409,3509,10,Cat9,A4,09,09,Item de teste 3409
Produto 3410,3510,10,Cat0,A0,10,00,Item de teste 3410
Produto 3411,3511,10,Cat1,A1,11,01,Item de teste 3411
Produto 3412,3512,10,Cat2,A2,12,02,Item de teste 3412
Produto 3413,3513,10,Cat3,A3,13,03,Item de teste 3413
Produto 3414,3514,10,Cat4,A4,14,04,Item de teste 3414
Produto 3415,3515,10,Cat5,A0,15,05,Item de teste 3415
Produto 3416,3516,10,Cat6,A1,16,06,Item de teste 3416
Produto 3417,3517,10,Cat7,A2,17,07,Item de teste 3417
Produto 3418,3518,10,Cat8,A3,18,08,Item de teste 3418
Produto 3419,3519,10,Cat9,A4,19,09,Item de teste 3419
Produto 3420,3520,10,Cat0,A0,00,00,Item de teste 3420
Produto 3421,3521,10,Cat1,A1,01,01,Item de teste 3421
Produto 3422,3522,10,Cat2,A2,02,02,Item de teste 3422
Produto 3423,3523,10,Cat3,A3,03,03,Item de teste 3423
Produto 3424,3524,10,Cat4,A4,04,04,Item de teste 3424
Produto 3425,3525,10,Cat5,A0,05,05,Item de teste 3425
Produto 3426,3526,10,Cat6,A1,06,06,Item de teste 3426
Produto 3427,3527,10,Cat7,A2,07,07,Item de teste 3427
Produto 3428,3528,10,Cat8,A3,08,08,Item de teste 3428
Produto 3429,3529,10,Cat9,A4,09,09,Item de teste 3429
Produto 3430,3530,10,Cat0,A0,10,00,Item de teste 3430
Produto 3431,3531,10,Cat1,A1,11,01,Item de teste 3431
Produto 3432,3532,10,Cat2,A2,12,02,Item de teste 3432
Produto 3433,3533,10,Cat3,A3,13,03,Item de teste 3433
Produto 3434,3534,10,Cat4,A4,14,04,Item de teste 3434
Produto 3435,3535,10,Cat5,A0,15,05,Item de teste 3435
Produto 3436,3536,10,Cat6,A1,16,06,Item de teste 3436
Produto 3437,3537,10,Cat7,A2,17,07,Item de teste 3437
Produto 3438,3538,10,Cat8,A3,18,08,Item de teste 3438
Produto 3439,3539,10,Cat9,A4,19,09,Item de teste 3439
Produto 3440,3540,10,Cat0,A0,00,00,Item de teste 3440
Produto 3441,3541,10,Cat1,A1,01,01,Item de teste 3441
Produto 3442,3542,10,Cat2,A2,02,02,Item de teste 3442
Produto 3443,3543,10,Cat3,A3,03,03,Item de teste 3443
Produto 3444,3544,10,Cat4,A4,04,04,Item de teste 3444
Produto 3445,3545,10,Cat5,A0,05,05,Item de teste 3445
Produto 3446,3546,10,Cat6,A1,06,06,Item de teste 3446
Produto 3447,3547,10,Cat7,A2,07,07,Item de teste 3447
Produto 3448,3548,10,Cat8,A3,08,08,Item de teste 3448
Produto 3449,3549,10,Cat9,A4,09,09,Item de teste 3449
Produto 3450,3550,10,Cat0,A0,10,00,Item de teste 3450
Produto 3451,3551,10,Cat1,A1,11,01,Item de teste 3451
Produto 3452,3552,10,Cat2,A2,12,02,Item de teste 3452
Produto 3453,3553,10,Cat3,A3,13,03,Item de teste 3453
Produto 3454,3554,10,Cat4,A4,14,04,Item de teste 3454
Produto 3455,3555,10,Cat5,A0,15,05,Item de teste 3455
Produto 3456,3556,10,Cat6,A1,16,06,Item de teste 3456
Produto 3457,3557,10,Cat7,A2,17,07,Item de teste 3457
Produto 3458,3558,10,Cat8,A3,18,08,Item de teste 3458
Produto 3459,3559,10,Cat9,A4,19,09,Item de teste 3459
Produto 3460,3560,10,Cat0,A0,00,00,Item de teste 3460
Produto 3461,3561,10,Cat1,A1,01,01,Item de teste 3461
Produto 3462,3562,10,Cat2,A2,02,02,Item de teste 3462
Produto 3463,3563,10,Cat3,A3,03,03,Item de teste 3463
Produto 3464,3564,10,Cat4,A4,04,04,Item de teste 3464
Produto 3465,3565,10,Cat5,A0,05,05,Item de teste 3465
Produto 3466,3566,10,Cat6,A1,06,06,Item de teste 3466
Produto 3467,3567,10,Cat7,A2,07,07,Item de teste 3467
Produto 3468,3568,10,Cat8,A3,08,08,Item de teste 3468
Produto 3469,3569,10,Cat9,A4,09,09,Item de teste 3469
Produto 3470,3570,10,Cat0,A0,10,00,Item de teste 3470
Produto 3471,3571,10,Cat1,A1,11,01,Item de teste 3471
Produto 3472,3572,10,Cat2,A2,12,02,Item de teste 3472
Produto 3473,3573,10,Cat3,A3,13,03,Item de teste 3473
Produto 3474,3574,10,Cat4,A4,14,04,Item de teste 3474
Produto 3475,3575,10,Cat5,A0,15,05,Item de teste 3475
Produto 3476,3576,10,Cat6,A1,16,06,Item de teste 3476
Produto 3477,3577,10,Cat7,A2,17,07,Item de teste 3477
Produto 3478,3578,10,Cat8,A3,18,08,Item de teste 3478
Produto 3479,3579,10,Cat9,A4,19,09,Item de teste 3479
Produto 3480,3580,10,Cat0,A0,00,00,Item de teste 3480
Produto 3481,3581,10,Cat1,A1,01,01,Item de teste 3481
Produto 3482,3582,10,Cat2,A2,02,02,Item de teste 3482
Produto 3483,3583,10,Cat3,A3,03,03,Item de teste 3483
Produto 3484,3584,10,Cat4,A4,04,04,Item de teste 3484
Produto 3485,3585,10,Cat5,A0,05,05,Item de teste 3485
Produto 3486,3586,10,Cat6,A1,06,06,Item de teste 3486
Produto 3487,3587,10,Cat7,A2,07,07,Item de teste 3487
Produto 3488,3588,10,Cat8,A3,08,08,Item de teste 3488
Produto 3489,3589,10,Cat9,A4,09,09,Item de teste 3489
Produto 3490,3590,10,Cat0,A0,10,00,Item de teste 3490
Produto 3491,3591,10,Cat1,A1,11,01,Item de teste 3491
Produto 3492,3592,10,Cat2,A2,12,02,Item de teste 3492
Produto 3493,3593,10,Cat3,A3,13,03,Item de teste 3493
Produto 3494,3594,10,Cat4,A4,14,04,Item de teste 3494
Produto 3495,3595,10,Cat5,A0,15,05,Item de teste 3495
Produto 3496,3596,10,Cat6,A1,16,06,Item de teste 3496
Produto 3497,3597,10,Cat7,A2,17,07,Item de teste 3497
Produto 3498,3598,10,Cat8,A3,18,08,Item de teste 3498
Produto 3499,3599,10,Cat9,A4,19,09,Item de teste 3499
Produto 3500,3600,10,Cat0,A0,00,00,Item de teste 3500
Produto 3501,3601,10,Cat1,A1,01,01,Item de teste 3501
Produto 3502,3602,10,Cat2,A2,02,02,Item de teste 3502
Produto 3503,3603,10,Cat3,A3,03,03,Item de teste 3503
Produto 3504,3604,10,Cat4,A4,04,04,Item de teste 3504
Produto 3505,3605,10,Cat5,A0,05,05,Item de teste 3505
Produto 3506,3606,10,Cat6,A1,06,06,Item de teste 3506
Produto 3507,3607,10,Cat7,A2,07,07,Item de teste 3507
Produto 3508,3608,10,Cat8,A3,08,08,Item de teste 3508
Produto 3509,3609,10,Cat9,A4,09,09,Item de teste 3509
Produto 3510,3610,10,Cat0,A0,10,00,Item de teste 3510
Produto 3511,3611,10,Cat1,A1,11,01,Item de teste 3511
Produto 3512,3612,10,Cat2,A2,12,02,Item de teste 3512
Produto 3513,3613,10,Cat3,A3,13,03,Item de teste 3513
Produto 3514,3614,10,Cat4,A4,14,04,Item de teste 3514
Produto 3515,3615,10,Cat5,A0,15,05,Item de teste 3515
Produto 3516,3616,10,Cat6,A1,16,06,Item de teste 3516
Produto 3517,3617,10,Cat7,A2,17,07,Item de teste 3517
Produto 3518,3618,10,Cat8,A3,18,08,Item de teste 3518
Produto 3519,3619,10,Cat9,A4,19,09,Item de teste 3519
Produto 3520,3620,10,Cat0,A0,00,00,Item de teste 3520
Produto 3521,3621,10,Cat1,A1,01,01,Item de teste 3521
Produto 3522,3622,10,Cat2,A2,02,02,Item de teste 3522
Produto 3523,3623,10,Cat3,A3,03,03,Item de teste 3523
Produto 3524,3624,10,Cat4,A4,04,04,Item de teste 3524
Produto 3525,3625,10,Cat5,A0,05,05,Item de teste 3525
Produto 3526,3626,10,Cat6,A1,06,06,Item de teste 3526
Produto 3527,3627,10,Cat7,A2,07,07,Item de teste 3527
Produto 3528,3628,10,Cat8,A3,08,08,Item de teste 3528
Produto 3529,3629,10,Cat9,A4,09,09,Item de teste 3529
Produto 3530,3630,10,Cat0,A0,10,00,Item de teste 3530
Produto 3531,3631,10,Cat1,A1,11,01,Item de teste 3531
Produto 3532,3632,10,Cat2,A2,12,02,Item de teste 3532
Produto 3533,3633,10,Cat3,A3,13,03,Item de teste 3533
Produto 3534,3634,10,Cat4,A4,14,04,Item de teste 3534
Produto 3535,3635,10,Cat5,A0,15,05,Item de teste 3535
Produto 3536,3636,10,Cat6,A1,16,06,Item de teste 3536
Produto 3537,3637,10,Cat7,A2,17,07,Item de teste 3537
Produto 3538,3638,10,Cat8,A3,18,08,Item de teste 3538
Produto 3539,3639,10,Cat9,A4,19,09,Item de teste 3539
Produto 3540,3640,10,Cat0,A0,00,00,Item de teste 3540
Produto 3541,3641,10,Cat1,A1,01,01,Item de teste 3541
Produto 3542,3642,10,Cat2,A2,02,02,Item de teste 3542
Produto 3543,3643,10,Cat3,A3,03,03,Item de teste 3543
Produto 3544,3644,10,Cat4,A4,04,04,Item de teste 3544
Produto 3545,3645,10,Cat5,A0,05,05,Item de teste 3545
Produto 3546,3646,10,Cat6,A1,06,06,Item de teste 3546
Produto 3547,3647,10,Cat7,A2,07,07,Item de teste 3547
Produto 3548,3648,10,Cat8,A3,08,08,Item de teste 3548
Produto 3549,3649,10,Cat9,A4,09,09,Item de teste 3549
Produto 3550,3650,10,Cat0,A0,10,00,Item de teste 3550
Produto 3551,3651,10,Cat1,A1,11,01,Item de teste 3551
Produto 3552,3652,10,Cat2,A2,12,02,Item de teste 3552
Produto 3553,3653,10,Cat3,A3,13,03,Item de teste 3553
Produto 3554,3654,10,Cat4,A4,14,04,Item de teste 3554
Produto 3555,3655,10,Cat5,A0,15,05,Item de teste 3555
Produto 3556,3656,10,Cat6,A1,16,06,Item de teste 3556
Produto 3557,3657,10,Cat7,A2,17,07,Item de teste 3557
Produto 3558,3658,10,Cat8,A3,18,08,Item de teste 3558
Produto 3559,3659,10,Cat9,A4,19,09,Item de teste 3559
Produto 3560,3660,10,Cat0,A0,00,00,Item de teste 3560
Produto 3561,3661,10,Cat1,A1,01,01,Item de teste 3561
Produto 3562,3662,10,Cat2,A2,02,02,Item de teste 3562
Produto 3563,3663,10,Cat3,A3,03,03,Item de teste 3563
Produto 3564,3664,10,Cat4,A4,04,04,Item de teste 3564
Produto 3565,3665,10,Cat5,A0,05,05,Item de teste 3565
Produto 3566,3666,10,Cat6,A1,06,06,Item de teste 3566
Produto 3567,3667,10,Cat7,A2,07,07,Item de teste 3567
Produto 3568,3668,10,Cat8,A3,08,08,Item de teste 3568
Produto 3569,3669,10,Cat9,A4,09,09,Item de teste 3569
Produto 3570,3670,10,Cat0,A0,10,00,Item de teste 3570
Produto 3571,3671,10,Cat1,A1,11,01,Item de teste 3571
Produto 3572,3672,10,Cat2,A2,12,02,Item de teste 3572
Produto 3573,3673,10,Cat3,A3,13,03,Item de teste 3573
Produto 3574,3674,10,Cat4,A4,14,04,Item de teste 3574
Produto 3575,3675,10,Cat5,A0,15,05,Item de teste 3575
Produto 3576,3676,10,Cat6,A1,16,06,Item de teste 3576
Produto 3577,3677,10,Cat7,A2,17,07,Item de teste 3577
Produto 3578,3678,10,Cat8,A3,18,08,Item de teste 3578
Produto 3579,3679,10,Cat9,A4,19,09,Item de teste 3579
Produto 3580,3680,10,Cat0,A0,00,00,Item de teste 3580
Produto 3581,3681,10,Cat1,A1,01,01,Item de teste 3581
Produto 3582,3682,10,Cat2,A2,02,02,Item de teste 3582
Produto 3583,3683,10,Cat3,A3,03,03,Item de teste 3583
Produto 3584,3684,10,Cat4,A4,04,04,Item de teste 3584
Produto 3585,3685,10,Cat5,A0,05,05,Item de teste 3585
Produto 3586,3686,10,Cat6,A1,06,06,Item de teste 3586
Produto 3587,3687,10,Cat7,A2,07,07,Item de teste 3587
Produto 3588,3688,10,Cat8,A3,08,08,Item de teste 3588
Produto 3589,3689,10,Cat9,A4,09,09,Item de teste 3589
Produto 3590,3690,10,Cat0,A0,10,00,Item de teste 3590
Produto 3591,3691,10,Cat1,A1,11,01,Item de teste 3591
Produto 3592,3692,10,Cat2,A2,12,02,Item de teste 3592
Produto 3593,3693,10,Cat3,A3,13,03,Item de teste 3593
Produto 3594,3694,10,Cat4,A4,14,04,Item de teste 3594
Produto 3595,3695,10,Cat5,A0,15,05,Item de teste 3595
Produto 3596,3696,10,Cat6,A1,16,06,Item de teste 3596
Produto 3597,3697,10,Cat7,A2,17,07,Item de teste 3597
Produto 3598,3698,10,Cat8,A3,18,08,Item de teste 3598
Produto 3599,3699,10,Cat9,A4,19,09,Item de teste 3599
Produto 3600,3700,10,Cat0,A0,00,00,Item de teste 3600
Produto 3601,3701,10,Cat1,A1,01,01,Item de teste 3601
Produto 3602,3702,10,Cat2,A2,02,02,Item de teste 3602
Produto 3603,3703,10,Cat3,A3,03,03,Item de teste 3603
Produto 3604,3704,10,Cat4,A4,04,04,Item de teste 3604
Produto 3605,3705,10,Cat5,A0,05,05,Item de teste 3605
Produto 3606,3706,10,Cat6,A1,06,06,Item de teste 3606
Produto 3607,3707,10,Cat7,A2,07,07,Item de teste 3607
Produto 3608,3708,10,Cat8,A3,08,08,Item de teste 3608
Produto 3609,3709,10,Cat9,A4,09,09,Item de teste 3609
Produto 3610,3710,10,Cat0,A0,10,00,Item de teste 3610
Produto 3611,3711,10,Cat1,A1,11,01,Item de teste 3611
Produto 3612,3712,10,Cat2,A2,12,02,Item de teste 3612
Produto 3613,3713,10,Cat3,A3,13,03,Item de teste 3613
Produto 3614,3714,10,Cat4,A4,14,04,Item de teste 3614
Produto 3615,3715,10,Cat5,A0,15,05,Item de teste 3615
Produto 3616,3716,10,Cat6,A1,16,06,Item de teste 3616
Produto 3617,3717,10,Cat7,A2,17,07,Item de teste 3617
Produto 3618,3718,10,Cat8,A3,18,08,Item de teste 3618
Produto 3619,3719,10,Cat9,A4,19,09,Item de teste 3619
Produto 3620,3720,10,Cat0,A0,00,00,Item de teste 3620
Produto 3621,3721,10,Cat1,A1,01,01,Item de teste 3621
Produto 3622,3722,10,Cat2,A2,02,02,Item de teste 3622
Produto 3623,3723,10,Cat3,A3,03,03,Item de teste 3623
Produto 3624,3724,10,Cat4,A4,04,04,Item de teste 3624
Produto 3625,3725,10,Cat5,A0,05,05,Item de teste 3625
Produto 3626,3726,10,Cat6,A1,06,06,Item de teste 3626
Produto 3627,3727,10,Cat7,A2,07,07,Item de teste 3627
Produto 3628,3728,10,Cat8,A3,08,08,Item de teste 3628
Produto 3629,3729,10,Cat9,A4,09,09,Item de teste 3629
Produto 3630,3730,10,Cat0,A0,10,00,Item de teste 3630
Produto 3631,3731,10,Cat1,A1,11,01,Item de teste 3631
Produto 3632,3732,10,Cat2,A2,12,02,Item de teste 3632
Produto 3633,3733,10,Cat3,A3,13,03,Item de teste 3633
Produto 3634,3734,10,Cat4,A4,14,04,Item de teste 3634
Produto 3635,3735,10,Cat5,A0,15,05,Item de teste 3635
Produto 3636,3736,10,Cat6,A1,16,06,Item de teste 3636
Produto 3637,3737,10,Cat7,A2,17,07,Item de teste 3637
Produto 3638,3738,10,Cat8,A3,18,08,Item de teste 3638
Produto 3639,3739,10,Cat9,A4,19,09,Item de teste 3639
Produto 3640,3740,10,Cat0,A0,00,00,Item de teste 3640
Produto 3641,3741,10,Cat1,A1,01,01,Item de teste 3641
Produto 3642,3742,10,Cat2,A2,02,02,Item de teste 3642
Produto 3643,3743,10,Cat3,A3,03,03,Item de teste 3643
Produto 3644,3744,10,Cat4,A4,04,04,Item de teste 3644
Produto 3645,3745,10,Cat5,A0,05,05,Item de teste 3645
Produto 3646,3746,10,Cat6,A1,06,06,Item de teste 3646
Produto 3647,3747,10,Cat7,A2,07,07,Item de teste 3647
Produto 3648,3748,10,Cat8,A3,08,08,Item de teste 3648
Produto 3649,3749,10,Cat9,A4,09,09,Item de teste 3649
Produto 3650,3750,10,Cat0,A0,10,00,Item de teste 3650
Produto 3651,3751,10,Cat1,A1,11,01,Item de teste 3651
Produto 3652,3752,10,Cat2,A2,12,02,Item de teste 3652
Produto 3653,3753,10,Cat3,A3,13,03,Item de teste 3653
Produto 3654,3754,10,Cat4,A4,14,04,Item de teste 3654
Produto 3655,3755,10,Cat5,A0,15,05,Item de teste 3655
Produto 3656,3756,10,Cat6,A1,16,06,Item de teste 3656
Produto 3657,3757,10,Cat7,A2,17,07,Item de teste 3657
Produto 3658,3758,10,Cat8,A3,18,08,Item de teste 3658
Produto 3659,3759,10,Cat9,A4,19,09,Item de teste 3659
Produto 3660,3760,10,Cat0,A0,00,00,Item de teste 3660
Produto 3661,3761,10,Cat1,A1,01,01,Item de teste 3661
Produto 3662,3762,10,Cat2,A2,02,02,Item de teste 3662
Produto 3663,3763,10,Cat3,A3,03,03,Item de teste 3663
Produto 3664,3764,10,Cat4,A4,04,04,Item de teste 3664
Produto 3665,3765,10,Cat5,A0,05,05,Item de teste 3665
Produto 3666,3766,10,Cat6,A1,06,06,Item de teste 3666
Produto 3667,3767,10,Cat7,A2,07,07,Item de teste 3667
Produto 3668,3768,10,Cat8,A3,08,08,Item de teste 3668
Produto 3669,3769,10,Cat9,A4,09,09,Item de teste 3669
Produto 3670,3770,10,Cat0,A0,10,00,Item de teste 3670
Produto 3671,3771,10,Cat1,A1,11,01,Item de teste 3671
Produto 3672,3772,10,Cat2,A2,12,02,Item de teste 3672
Produto 3673,3773,10,Cat3,A3,13,03,Item de teste 3673
Produto 3674,3774,10,Cat4,A4,14,04,Item de teste 3674
Produto 3675,3775,10,Cat5,A0,15,05,Item de teste 3675
Produto 3676,3776,10,Cat6,A1,16,06,Item de teste 3676
Produto 3677,3777,10,Cat7,A2,17,07,Item de teste 3677
Produto 3678,3778,10,Cat8,A3,18,08,Item de teste 3678
Produto 3679,3779,10,Cat9,A4,19,09,Item de teste 3679
Produto 3680,3780,10,Cat0,A0,00,00,Item de teste 3680
Produto 3681,3781,10,Cat1,A1,01,01,Item de teste 3681
Produto 3682,3782,10,Cat2,A2,02,02,Item de teste 3682
Produto 3683,3783,10,Cat3,A3,03,03,Item de teste 3683
Produto 3684,3784,10,Cat4,A4,04,04,Item de teste 3684
Produto 3685,3785,10,Cat5,A0,05,05,Item de teste 3685
Produto 3686,3786,10,Cat6,A1,06,06,Item de teste 3686
Produto 3687,3787,10,Cat7,A2,07,07,Item de teste 3687
Produto 3688,3788,10,Cat8,A3,08,08,Item de teste 3688
Produto 3689,3789,10,Cat9,A4,09,09,Item de teste 3689
Produto 3690,3790,10,Cat0,A0,10,00,Item de teste 3690
Produto 3691,3791,10,Cat1,A1,11,01,Item de teste 3691
Produto 3692,3792,10,Cat2,A2,12,02,Item de teste 3692
Produto 3693,3793,10,Cat3,A3,13,03,Item de teste 3693
Produto 3694,3794,10,Cat4,A4,14,04,Item de teste 3694
Produto 3695,3795,10,Cat5,A0,15,05,Item de teste 3695
Produto 3696,3796,10,Cat6,A1,16,06,Item de teste 3696
Produto 3697,3797,10,Cat7,A2,17,07,Item de teste 3697
Produto 3698,3798,10,Cat8,A3,18,08,Item de teste 3698
Produto 3699,3799,10,Cat9,A4,19,09,Item de teste 3699
Produto 3700,3800,10,Cat0,A0,00,00,Item de teste 3700
Produto 3701,3801,10,Cat1,A1,01,01,Item de teste 3701
Produto 3702,3802,10,Cat2,A2,02,02,Item de teste 3702
Produto 3703,3803,10,Cat3,A3,03,03,Item de teste 3703
Produto 3704,3804,10,Cat4,A4,04,04,Item de teste 3704
Produto 3705,3805,10,Cat5,A0,05,05,Item de teste 3705
Produto 3706,3806,10,Cat6,A1,06,06,Item de teste 3706
Produto 3707,3807,10,Cat7,A2,07,07,Item de teste 3707
Produto 3708,3808,10,Cat8,A3,08,08,Item de teste 3708
Produto 3709,3809,10,Cat9,A4,09,09,Item de teste 3709
Produto 3710,3810,10,Cat0,A0,10,00,Item de teste 3710
Produto 3711,3811,10,Cat1,A1,11,01,Item de teste 3711
Produto 3712,3812,10,Cat2,A2,12,02,Item de teste 3712
Produto 3713,3813,10,Cat3,A3,13,03,Item de teste 3713
Produto 3714,3814,10,Cat4,A4,14,04,Item de teste 3714
Produto 3715,3815,10,Cat5,A0,15,05,Item de teste 3715
Produto 3716,3816,10,Cat6,A1,16,06,Item de teste 3716
Produto 3717,3817,10,Cat7,A2,17,07,Item de teste 3717
Produto 3718,3818,10,Cat8,A3,18,08,Item de teste 3718
Produto 3719,3819,10,Cat9,A4,19,09,Item de teste 3719
Produto 3720,3820,10,Cat0,A0,00,00,Item de teste 3720
Produto 3721,3821,10,Cat1,A1,01,01,Item de teste 3721
Produto 3722,3822,10,Cat2,A2,02,02,Item de teste 3722
Produto 3723,3823,10,Cat3,A3,03,03,Item de teste 3723
Produto 3724,3824,10,Cat4,A4,04,04,Item de teste 3724
Produto 3725,3825,10,Cat5,A0,05,05,Item de teste 3725
Produto 3726,3826,10,Cat6,A1,06,06,Item de teste 3726
Produto 3727,3827,10,Cat7,A2,07,07,Item de teste 3727
Produto 3728,3828,10,Cat8,A3,08,08,Item de teste 3728
Produto 3729,3829,10,Cat9,A4,09,09,Item de teste 3729
Produto 3730,3830,10,Cat0,A0,10,00,Item de teste 3730
Produto 3731,3831,10,Cat1,A1,11,01,Item de teste 3731
Produto 3732,3832,10,Cat2,A2,12,02,Item de teste 3732
Produto 3733,3833,10,Cat3,A3,13,03,Item de teste 3733
Produto 3734,3834,10,Cat4,A4,14,04,Item de teste 3734
Produto 3735,3835,10,Cat5,A0,15,05,Item de teste 3735
Produto 3736,3836,10,Cat6,A1,16,06,Item de teste 3736
Produto 3737,3837,10,Cat7,A2,17,07,Item de teste 3737
Produto 3738,3838,10,Cat8,A3,18,08,Item de teste 3738
Produto 3739,3839,10,Cat9,A4,19,09,Item de teste 3739
Produto 3740,3840,10,Cat0,A0,00,00,Item de teste 3740
Produto 3741,3841,10,Cat1,A1,01,01,Item de teste 3741
Produto 3742,3842,10,Cat2,A2,02,02,Item de teste 3742
Produto 3743,3843,10,Cat3,A3,03,03,Item de teste 3743
Produto 3744,3844,10,Cat4,A4,04,04,Item de teste 3744
Produto 3745,3845,10,Cat5,A0,05,05,Item de teste 3745
Produto 3746,3846,10,Cat6,A1,06,06,Item de teste 3746
Produto 3747,3847,10,Cat7,A2,07,07,Item de teste 3747
Produto 3748,3848,10,Cat8,A3,08,08,Item de teste 3748
Produto 3749,3849,10,Cat9,A4,09,09,Item de teste 3749
Produto 3750,3850,10,Cat0,A0,10,00,Item de teste 3750
Produto 3751,3851,10,Cat1,A1,11,01,Item de teste 3751
Produto 3752,3852,10,Cat2,A2,12,02,Item de teste 3752
Produto 3753,3853,10,Cat3,A3,13,03,Item de teste 3753
Produto 3754,3854,10,Cat4,A4,14,04,Item de teste 3754
Produto 3755,3855,10,Cat5,A0,15,05,Item de teste 3755
Produto 3756,3856,10,Cat6,A1,16,06,Item de teste 3756
Produto 3757,3857,10,Cat7,A2,17,07,Item de teste 3757
Produto 3758,3858,10,Cat8,A3,18,08,Item de teste 3758
Produto 3759,3859,10,Cat9,A4,19,09,Item de teste 3759
Produto 3760,3860,10,Cat0,A0,00,00,Item de teste 3760
Produto 3761,3861,10,Cat1,A1,01,01,Item de teste 3761
Produto 3762,3862,10,Cat2,A2,02,02,Item de teste 3762
Produto 3763,3863,10,Cat3,A3,03,03,Item de teste 3763
Produto 3764,3864,10,Cat4,A4,04,04,Item de teste 3764
Produto 3765,3865,10,Cat5,A0,05,05,Item de teste 3765
Produto 3766,3866,10,Cat6,A1,06,06,Item de teste 3766
Produto 3767,3867,10,Cat7,A2,07,07,Item de teste 3767
Produto 3768,3868,10,Cat8,A3,08,08,Item de teste 3768
Produto 3769,3869,10,Cat9,A4,09,09,Item de teste 3769
Produto 3770,3870,10,Cat0,A0,10,00,Item de teste 3770
Produto 3771,3871,10,Cat1,A1,11,01,Item de teste 3771
Produto 3772,3872,10,Cat2,A2,12,02,Item de teste 3772
Produto 3773,3873,10,Cat3,A3,13,03,Item de teste 3773
Produto 3774,3874,10,Cat4,A4,14,04,Item de teste 3774
Produto 3775,3875,10,Cat5,A0,15,05,Item de teste 3775
Produto 3776,3876,10,Cat6,A1,16,06,Item de teste 3776
Produto 3777,3877,10,Cat7,A2,17,07,Item de teste 3777
Produto 3778,3878,10,Cat8,A3,18,08,Item de teste 3778
Produto 3779,3879,10,Cat9,A4,19,09,Item de teste 3779
Produto 3780,3880,10,Cat0,A0,00,00,Item de teste 3780
Produto 3781,3881,10,Cat1,A1,01,01,Item de teste 3781
Produto 3782,3882,10,Cat2,A2,02,02,Item de teste 3782
Produto 3783,3883,10,Cat3,A3,03,03,Item de teste 3783
Produto 3784,3884,10,Cat4,A4,04,04,Item de teste 3784
Produto 3785,3885,10,Cat5,A0,05,05,Item de teste 3785
Produto 3786,3886,10,Cat6,A1,06,06,Item de teste 3786
Produto 3787,3887,10,Cat7,A2,07,07,Item de teste 3787
Produto 3788,3888,10,Cat8,A3,08,08,Item de teste 3788
Produto 3789,3889,10,Cat9,A4,09,09,Item de teste 3789
Produto 3790,3890,10,Cat0,A0,10,00,Item de teste 3790
Produto 3791,3891,10,Cat1,A1,11,01,Item de teste 3791
Produto 3792,3892,10,Cat2,A2,12,02,Item de teste 3792
Produto 3793,3893,10,Cat3,A3,13,03,Item de teste 3793
Produto 3794,3894,10,Cat4,A4,14,04,Item de teste 3794
Produto 3795,3895,10,Cat5,A0,15,05,Item de teste 3795
Produto 3796,3896,10,Cat6,A1,16,06,Item de teste 3796
Produto 3797,3897,10,Cat7,A2,17,07,Item de teste 3797
Produto 3798,3898,10,Cat8,A3,18,08,Item de teste 3798
Produto 3799,3899,10,Cat9,A4,19,09,Item de teste 3799
Produto 3800,3900,10,Cat0,A0,00,00,Item de teste 3800
Produto 3801,3901,10,Cat1,A1,01,01,Item de teste 3801
Produto 3802,3902,10,Cat2,A2,02,02,Item de teste 3802
Produto 3803,3903,10,Cat3,A3,03,03,Item de teste 3803
Produto 3804,3904,10,Cat4,A4,04,04,Item de teste 3804
Produto 3805,3905,10,Cat5,A0,05,05,Item de teste 3805
Produto 3806,3906,10,Cat6,A1,06,06,Item de teste 3806
Produto 3807,3907,10,Cat7,A2,07,07,Item de teste 3807
Produto 3808,3908,10,Cat8,A3,08,08,Item de teste 3808
Produto 3809,3909,10,Cat9,A4,09,09,Item de teste 3809
Produto 3810,3910,10,Cat0,A0,10,00,Item de teste 3810
Produto 3811,3911,10,Cat1,A1,11,01,Item de teste 3811
Produto 3812,3912,10,Cat2,A2,12,02,Item de teste 3812
Produto 3813,3913,10,Cat3,A3,13,03,Item de teste 3813
Produto 3814,3914,10,Cat4,A4,14,04,Item de teste 3814
Produto 3815,3915,10,Cat5,A0,15,05,Item de teste 3815
Produto 3816,3916,10,Cat6,A1,16,06,Item de teste 3816
Produto 3817,3917,10,Cat7,A2,17,07,Item de teste 3817
Produto 3818,3918,10,Cat8,A3,18,08,Item de teste 3818
Produto 3819,3919,10,Cat9,A4,19,09,Item de teste 3819
Produto 3820,3920,10,Cat0,A0,00,00,Item de teste 3820
Produto 3821,3921,10,Cat1,A1,01,01,Item de teste 3821
Produto 3822,3922,10,Cat2,A2,02,02,Item de teste 3822
Produto 3823,3923,10,Cat3,A3,03,03,Item de teste 3823
Produto 3824,3924,10,Cat4,A4,04,04,Item de teste 3824
Produto 3825,3925,10,Cat5,A0,05,05,Item de teste 3825
Produto 3826,3926,10,Cat6,A1,06,06,Item de teste 3826
Produto 3827,3927,10,Cat7,A2,07,07,Item de teste 3827
Produto 3828,3928,10,Cat8,A3,08,08,Item de teste 3828
Produto 3829,3929,10,Cat9,A4,09,09,Item de teste 3829
Produto 3830,3930,10,Cat0,A0,10,00,Item de teste 3830
Produto 3831,3931,10,Cat1,A1,11,01,Item de teste 3831
Produto 3832,3932,10,Cat2,A2,12,02,Item de teste 3832
Produto 3833,3933,10,Cat3,A3,13,03,Item de teste 3833
Produto 3834,3934,10,Cat4,A4,14,04,Item de teste 3834
Produto 3835,3935,10,Cat5,A0,15,05,Item de teste 3835
Produto 3836,3936,10,Cat6,A1,16,06,Item de teste 3836
Produto 3837,3937,10,Cat7,A2,17,07,Item de teste 3837
Produto 3838,3938,10,Cat8,A3,18,08,Item de teste 3838
Produto 3839,3939,10,Cat9,A4,19,09,Item de teste 3839
Produto 3840,3940,10,Cat0,A0,00,00,Item de teste 3840
Produto 3841,3941,10,Cat1,A1,01,01,Item de teste 3841
Produto 3842,3942,10,Cat2,A2,02,02,Item de teste 3842
Produto 3843,3943,10,Cat3,A3,03,03,Item de teste 3843
Produto 3844,3944,10,Cat4,A4,04,04,Item de teste 3844
Produto 3845,3945,10,Cat5,A0,05,05,Item de teste 3845
Produto 3846,3946,10,Cat6,A1,06,06,Item de teste 3846
Produto 3847,3947,10,Cat7,A2,07,07,Item de teste 3847
Produto 3848,3948,10,Cat8,A3,08,08,Item de teste 3848
Produto 3849,3949,10,Cat9,A4,09,09,Item de teste 3849
Produto 3850,3950,10,Cat0,A0,10,00,Item de teste 3850
Produto 3851,3951,10,Cat1,A1,11,01,Item de teste 3851
Produto 3852,3952,10,Cat2,A2,12,02,Item de teste 3852
Produto 3853,3953,10,Cat3,A3,13,03,Item de teste 3853
Produto 3854,3954,10,Cat4,A4,14,04,Item de teste 3854
Produto 3855,3955,10,Cat5,A0,15,05,Item de teste 3855
Produto 3856,3956,10,Cat6,A1,16,06,Item de teste 3856
Produto 3857,3957,10,Cat7,A2,17,07,Item de teste 3857
Produto 3858,3958,10,Cat8,A3,18,08,Item de teste 3858
Produto 3859,3959,10,Cat9,A4,19,09,Item de teste 3859
Produto 3860,3960,10,Cat0,A0,00,00,Item de teste 3860
Produto 3861,3961,10,Cat1,A1,01,01,Item de teste 3861
Produto 3862,3962,10,Cat2,A2,02,02,Item de teste 3862
Produto 3863,3963,10,Cat3,A3,03,03,Item de teste 3863
Produto 3864,3964,10,Cat4,A4,04,04,Item de teste 3864
Produto 3865,3965,10,Cat5,A0,05,05,Item de teste 3865
Produto 3866,3966,10,Cat6,A1,06,06,Item de teste 3866
Produto 3867,3967,10,Cat7,A2,07,07,Item de teste 3867
Produto 3868,3968,10,Cat8,A3,08,08,Item de teste 3868
Produto 3869,3969,10,Cat9,A4,09,09,Item de teste 3869
Produto 3870,3970,10,Cat0,A0,10,00,Item de teste 3870
Produto 3871,3971,10,Cat1,A1,11,01,Item de teste 3871
Produto 3872,3972,10,Cat2,A2,12,02,Item de teste 3872
Produto 3873,3973,10,Cat3,A3,13,03,Item de teste 3873
Produto 3874,3974,10,Cat4,A4,14,04,Item de teste 3874
Produto 3875,3975,10,Cat5,A0,15,05,Item de teste 3875
Produto 3876,3976,10,Cat6,A1,16,06,Item de teste 3876
Produto 3877,3977,10,Cat7,A2,17,07,Item de teste 3877
Produto 3878,3978,10,Cat8,A3,18,08,Item de teste 3878
Produto 3879,3979,10,Cat9,A4,19,09,Item de teste 3879
Produto 3880,3980,10,Cat0,A0,00,00,Item de teste 3880
Produto 3881,3981,10,Cat1,A1,01,01,Item de teste 3881
Produto 3882,3982,10,Cat2,A2,02,02,Item de teste 3882
Produto 3883,3983,10,Cat3,A3,03,03,Item de teste 3883
Produto 3884,3984,10,Cat4,A4,04,04,Item de teste 3884
Produto 3885,3985,10,Cat5,A0,05,05,Item de teste 3885
Produto 3886,3986,10,Cat6,A1,06,06,Item de teste 3886
Produto 3887,3987,10,Cat7,A2,07,07,Item de teste 3887
Produto 3888,3988,10,Cat8,A3,08,08,Item de teste 3888
Produto 3889,3989,10,Cat9,A4,09,09,Item de teste 3889
Produto 3890,3990,10,Cat0,A0,10,00,Item de teste 3890
Produto 3891,3991,10,Cat1,A1,11,01,Item de teste 3891
Produto 3892,3992,10,Cat2,A2,12,02,Item de teste 3892
Produto 3893,3993,10,Cat3,A3,13,03,Item de teste 3893
Produto 3894,3994,10,Cat4,A4,14,04,Item de teste 3894
Produto 3895,3995,10,Cat5,A0,15,05,Item de teste 3895
Produto 3896,3996,10,Cat6,A1,16,06,Item de teste 3896
Produto 3897,3997,10,Cat7,A2,17,07,Item de teste 3897
Produto 3898,3998,10,Cat8,A3,18,08,Item de teste 3898
Produto 3899,3999,10,Cat9,A4,19,09,Item de teste 3899
Produto 3900,4000,10,Cat0,A0,00,00,Item de teste 3900
Produto 3901,4001,10,Cat1,A1,01,01,Item de teste 3901
Produto 3902,4002,10,Cat2,A2,02,02,Item de teste 3902
Produto 3903,4003,10,Cat3,A3,03,03,Item de teste 3903
Produto 3904,4004,10,Cat4,A4,04,04,Item de teste 3904
Produto 3905,4005,10,Cat5,A0,05,05,Item de teste 3905
Produto 3906,4006,10,Cat6,A1,06,06,Item de teste 3906
Produto 3907,4007,10,Cat7,A2,07,07,Item de teste 3907
Produto 3908,4008,10,Cat8,A3,08,08,Item de teste 3908
Produto 3909,4009,10,Cat9,A4,09,09,Item de teste 3909
Produto 3910,4010,10,Cat0,A0,10,00,Item de teste 3910
Produto 3911,4011,10,Cat1,A1,11,01,Item de teste 3911
Produto 3912,4012,10,Cat2,A2,12,02,Item de teste 3912
Produto 3913,4013,10,Cat3,A3,13,03,Item de teste 3913
Produto 3914,4014,10,Cat4,A4,14,04,Item de teste 3914
Produto 3915,4015,10,Cat5,A0,15,05,Item de teste 3915
Produto 3916,4016,10,Cat6,A1,16,06,Item de teste 3916
Produto 3917,4017,10,Cat7,A2,17,07,Item de teste 3917
Produto 3918,4018,10,Cat8,A3,18,08,Item de teste 3918
Produto 3919,4019,10,Cat9,A4,19,09,Item de teste 3919
Produto 3920,4020,10,Cat0,A0,00,00,Item de teste 3920
Produto 3921,4021,10,Cat1,A1,01,01,Item de teste 3921
Produto 3922,4022,10,Cat2,A2,02,02,Item de teste 3922
Produto 3923,4023,10,Cat3,A3,03,03,Item de teste 3923
Produto 3924,4024,10,Cat4,A4,04,04,Item de teste 3924
Produto 3925,4025,10,Cat5,A0,05,05,Item de teste 3925
Produto 3926,4026,10,Cat6,A1,06,06,Item de teste 3926
Produto 3927,4027,10,Cat7,A2,07,07,Item de teste 3927
Produto 3928,4028,10,Cat8,A3,08,08,Item de teste 3928
Produto 3929,4029,10,Cat9,A4,09,09,Item de teste 3929
Produto 3930,4030,10,Cat0,A0,10,00,Item de teste 3930
Produto 3931,4031,10,Cat1,A1,11,01,Item de teste 3931
Produto 3932,4032,10,Cat2,A2,12,02,Item de teste 3932
Produto 3933,4033,10,Cat3,A3,13,03,Item de teste 3933
Produto 3934,4034,10,Cat4,A4,14,04,Item de teste 3934
Produto 3935,4035,10,Cat5,A0,15,05,Item de teste 3935
Produto 3936,4036,10,Cat6,A1,16,06,Item de teste 3936
Produto 3937,4037,10,Cat7,A2,17,07,Item de teste 3937
Produto 3938,4038,10,Cat8,A3,18,08,Item de teste 3938
Produto 3939,4039,10,Cat9,A4,19,09,Item de teste 3939
Produto 3940,4040,10,Cat0,A0,00,00,Item de teste 3940
Produto 3941,4041,10,Cat1,A1,01,01,Item de teste 3941
Produto 3942,4042,10,Cat2,A2,02,02,Item de teste 3942
Produto 3943,4043,10,Cat3,A3,03,03,Item de teste 3943
Produto 3944,4044,10,Cat4,A4,04,04,Item de teste 3944
Produto 3945,4045,10,Cat5,A0,05,05,Item de teste 3945
Produto 3946,4046,10,Cat6,A1,06,06,Item de teste 3946
Produto 3947,4047,10,Cat7,A2,07,07,Item de teste 3947
Produto 3948,4048,10,Cat8,A3,08,08,Item de teste 3948
Produto 3949,4049,10,Cat9,A4,09,09,Item de teste 3949
Produto 3950,4050,10,Cat0,A0,10,00,Item de teste 3950
Produto 3951,4051,10,Cat1,A1,11,01,Item de teste 3951
Produto 3952,4052,10,Cat2,A2,12,02,Item de teste 3952
Produto 3953,4053,10,Cat3,A3,13,03,Item de teste 3953
Produto 3954,4054,10,Cat4,A4,14,04,Item de teste 3954
Produto 3955,4055,10,Cat5,A0,15,05,Item de teste 3955
Produto 3956,4056,10,Cat6,A1,16,06,Item de teste 3956
Produto 3957,4057,10,Cat7,A2,17,07,Item de teste 3957
Produto 3958,4058,10,Cat8,A3,18,08,Item de teste 3958
Produto 3959,4059,10,Cat9,A4,19,09,Item de teste 3959
Produto 3960,4060,10,Cat0,A0,00,00,Item de teste 3960
Produto 3961,4061,10,Cat1,A1,01,01,Item de teste 3961
Produto 3962,4062,10,Cat2,A2,02,02,Item de teste 3962
Produto 3963,4063,10,Cat3,A3,03,03,Item de teste 3963
Produto 3964,4064,10,Cat4,A4,04,04,Item de teste 3964
Produto 3965,4065,10,Cat5,A0,05,05,Item de teste 3965
Produto 3966,4066,10,Cat6,A1,06,06,Item de teste 3966
Produto 3967,4067,10,Cat7,A2,07,07,Item de teste 3967
Produto 3968,4068,10,Cat8,A3,08,08,Item de teste 3968
Produto 3969,4069,10,Cat9,A4,09,09,Item de teste 3969
Produto 3970,4070,10,Cat0,A0,10,00,Item de teste 3970
Produto 3971,4071,10,Cat1,A1,11,01,Item de teste 3971
Produto 3972,4072,10,Cat2,A2,12,02,Item de teste 3972
Produto 3973,4073,10,Cat3,A3,13,03,Item de teste 3973
Produto 3974,4074,10,Cat4,A4,14,04,Item de teste 3974
Produto 3975,4075,10,Cat5,A0,15,05,Item de teste 3975
Produto 3976,4076,10,Cat6,A1,16,06,Item de teste 3976
Produto 3977,4077,10,Cat7,A2,17,07,Item de teste 3977
Produto 3978,4078,10,Cat8,A3,18,08,Item de teste 3978
Produto 3979,4079,10,Cat9,A4,19,09,Item de teste 3979
Produto 3980,4080,10,Cat0,A0,00,00,Item de teste 3980
Produto 3981,4081,10,Cat1,A1,01,01,Item de teste 3981
Produto 3982,4082,10,Cat2,A2,02,02,Item de teste 3982
Produto 3983,4083,10,Cat3,A3,03,03,Item de teste 3983
Produto 3984,4084,10,Cat4,A4,04,04,Item de teste 3984
Produto 3985,4085,10,Cat5,A0,05,05,Item de teste 3985
Produto 3986,4086,10,Cat6,A1,06,06,Item de teste 3986
Produto 3987,4087,10,Cat7,A2,07,07,Item de teste 3987
Produto 3988,4088,10,Cat8,A3,08,08,Item de teste 3988
Produto 3989,4089,10,Cat9,A4,09,09,Item de teste 3989
Produto 3990,4090,10,Cat0,A0,10,00,Item de teste 3990
Produto 3991,4091,10,Cat1,A1,11,01,Item de teste 3991
Produto 3992,4092,10,Cat2,A2,12,02,Item de teste 3992
Produto 3993,4093,10,Cat3,A3,13,03,Item de teste 3993
Produto 3994,4094,10,Cat4,A4,14,04,Item de teste 3994
Produto 3995,4095,10,Cat5,A0,15,05,Item de teste 3995
Produto 3996,4096,10,Cat6,A1,16,06,Item de teste 3996
Produto 3997,4097,10,Cat7,A2,17,07,Item de teste 3997
Produto 3998,4098,10,Cat8,A3,18,08,Item de teste 3998
Produto 3999,4099,10,Cat9,A4,19,09,Item de teste 3999
Produto 4000,4100,10,Cat0,A0,00,00,Item de teste 4000
Produto 4001,4101,10,Cat1,A1,01,01,Item de teste 4001
Produto 4002,4102,10,Cat2,A2,02,02,Item de teste 4002
Produto 4003,4103,10,Cat3,A3,03,03,Item de teste 4003
Produto 4004,4104,10,Cat4,A4,04,04,Item de teste 4004
Produto 4005,4105,10,Cat5,A0,05,05,Item de teste 4005
Produto 4006,4106,10,Cat6,A1,06,06,Item de teste 4006
Produto 4007,4107,10,Cat7,A2,07,07,Item de teste 4007
Produto 4008,4108,10,Cat8,A3,08,08,Item de teste 4008
Produto 4009,4109,10,Cat9,A4,09,09,Item de teste 4009
Produto 4010,4110,10,Cat0,A0,10,00,Item de teste 4010
Produto 4011,4111,10,Cat1,A1,11,01,Item de teste 4011
Produto 4012,4112,10,Cat2,A2,12,02,Item de teste 4012
Produto 4013,4113,10,Cat3,A3,13,03,Item de teste 4013
Produto 4014,4114,10,Cat4,A4,14,04,Item de teste 4014
Produto 4015,4115,10,Cat5,A0,15,05,Item de teste 4015
Produto 4016,4116,10,Cat6,A1,16,06,Item de teste 4016
Produto 4017,4117,10,Cat7,A2,17,07,Item de teste 4017
Produto 4018,4118,10,Cat8,A3,18,08,Item de teste 4018
Produto 4019,4119,10,Cat9,A4,19,09,Item de teste 4019
Produto 4020,4120,10,Cat0,A0,00,00,Item de teste 4020
Produto 4021,4121,10,Cat1,A1,01,01,Item de teste 4021
Produto 4022,4122,10,Cat2,A2,02,02,Item de teste 4022
Produto 4023,4123,10,Cat3,A3,03,03,Item de teste 4023
Produto 4024,4124,10,Cat4,A4,04,04,Item de teste 4024
Produto 4025,4125,10,Cat5,A0,05,05,Item de teste 4025
Produto 4026,4126,10,Cat6,A1,06,06,Item de teste 4026
Produto 4027,4127,10,Cat7,A2,07,07,Item de teste 4027
Produto 4028,4128,10,Cat8,A3,08,08,Item de teste 4028
Produto 4029,4129,10,Cat9,A4,09,09,Item de teste 4029
Produto 4030,4130,10,Cat0,A0,10,00,Item de teste 4030
Produto 4031,4131,10,Cat1,A1,11,01,Item de teste 4031
Produto 4032,4132,10,Cat2,A2,12,02,Item de teste 4032
Produto 4033,4133,10,Cat3,A3,13,03,Item de teste 4033
Produto 4034,4134,10,Cat4,A4,14,04,Item de teste 4034
Produto 4035,4135,10,Cat5,A0,15,05,Item de teste 4035
Produto 4036,4136,10,Cat6,A1,16,06,Item de teste 4036
Produto 4037,4137,10,Cat7,A2,17,07,Item de teste 4037
Produto 4038,4138,10,Cat8,A3,18,08,Item de teste 4038
Produto 4039,4139,10,Cat9,A4,19,09,Item de teste 4039
Produto 4040,4140,10,Cat0,A0,00,00,Item de teste 4040
Produto 4041,4141,10,Cat1,A1,01,01,Item de teste 4041
Produto 4042,4142,10,Cat2,A2,02,02,Item de teste 4042
Produto 4043,4143,10,Cat3,A3,03,03,Item de teste 4043
Produto 4044,4144,10,Cat4,A4,04,04,Item de teste 4044
Produto 4045,4145,10,Cat5,A0,05,05,Item de teste 4045
Produto 4046,4146,10,Cat6,A1,06,06,Item de teste 4046
Produto 4047,4147,10,Cat7,A2,07,07,Item de teste 4047
Produto 4048,4148,10,Cat8,A3,08,08,Item de teste 4048
Produto 4049,4149,10,Cat9,A4,09,09,Item de teste 4049
Produto 4050,4150,10,Cat0,A0,10,00,Item de teste 4050
Produto 4051,4151,10,Cat1,A1,11,01,Item de teste 4051
Produto 4052,4152,10,Cat2,A2,12,02,Item de teste 4052
Produto 4053,4153,10,Cat3,A3,13,03,Item de teste 4053
Produto 4054,4154,10,Cat4,A4,14,04,Item de teste 4054
Produto 4055,4155,10,Cat5,A0,15,05,Item de teste 4055
Produto 4056,4156,10,Cat6,A1,16,06,Item de teste 4056
Produto 4057,4157,10,Cat7,A2,17,07,Item de teste 4057
Produto 4058,4158,10,Cat8,A3,18,08,Item de teste 4058
Produto 4059,4159,10,Cat9,A4,19,09,Item de teste 4059
Produto 4060,4160,10,Cat0,A0,00,00,Item de teste 4060
Produto 4061,4161,10,Cat1,A1,01,01,Item de teste 4061
Produto 4062,4162,10,Cat2,A2,02,02,Item de teste 4062
Produto 4063,4163,10,Cat3,A3,03,03,Item de teste 4063
Produto 4064,4164,10,Cat4,A4,04,04,Item de teste 4064
Produto 4065,4165,10,Cat5,A0,05,05,Item de teste 4065
Produto 4066,4166,10,Cat6,A1,06,06,Item de teste 4066
Produto 4067,4167,10,Cat7,A2,07,07,Item de teste 4067
Produto 4068,4168,10,Cat8,A3,08,08,Item de teste 4068
Produto 4069,4169,10,Cat9,A4,09,09,Item de teste 4069
Produto 4070,4170,10,Cat0,A0,10,00,Item de teste 4070
Produto 4071,4171,10,Cat1,A1,11,01,Item de teste 4071
Produto 4072,4172,10,Cat2,A2,12,02,Item de teste 4072
Produto 4073,4173,10,Cat3,A3,13,03,Item de teste 4073
Produto 4074,4174,10,Cat4,A4,14,04,Item de teste 4074
Produto 4075,4175,10,Cat5,A0,15,05,Item de teste 4075
Produto 4076,4176,10,Cat6,A1,16,06,Item de teste 4076
Produto 4077,4177,10,Cat7,A2,17,07,Item de teste 4077
Produto 4078,4178,10,Cat8,A3,18,08,Item de teste 4078
Produto 4079,4179,10,Cat9,A4,19,09,Item de teste 4079
Produto 4080,4180,10,Cat0,A0,00,00,Item de teste 4080
Produto 4081,4181,10,Cat1,A1,01,01,Item de teste 4081
Produto 4082,4182,10,Cat2,A2,02,02,Item de teste 4082
Produto 4083,4183,10,Cat3,A3,03,03,Item de teste 4083
Produto 4084,4184,10,Cat4,A4,04,04,Item de teste 4084
Produto 4085,4185,10,Cat5,A0,05,05,Item de teste 4085
Produto 4086,4186,10,Cat6,A1,06,06,Item de teste 4086
Produto 4087,4187,10,Cat7,A2,07,07,Item de teste 4087
Produto 4088,4188,10,Cat8,A3,08,08,Item de teste 4088
Produto 4089,4189,10,Cat9,A4,09,09,Item de teste 4089
Produto 4090,4190,10,Cat0,A0,10,00,Item de teste 4090
Produto 4091,4191,10,Cat1,A1,11,01,Item de teste 4091
Produto 4092,4192,10,Cat2,A2,12,02,Item de teste 4092
Produto 4093,4193,10,Cat3,A3,13,03,Item de teste 4093
Produto 4094,4194,10,Cat4,A4,14,04,Item de teste 4094
Produto 4095,4195,10,Cat5,A0,15,05,Item de teste 4095
Produto 4096,4196,10,Cat6,A1,16,06,Item de teste 4096
Produto 4097,4197,10,Cat7,A2,17,07,Item de teste 4097
Produto 4098,4198,10,Cat8,A3,18,08,Item de teste 4098
Produto 4099,4199,10,Cat9,A4,19,09,Item de teste 4099
Produto 4100,4200,10,Cat0,A0,00,00,Item de teste 4100
Produto 4101,4201,10,Cat1,A1,01,01,Item de teste 4101
Produto 4102,4202,10,Cat2,A2,02,02,Item de teste 4102
Produto 4103,4203,10,Cat3,A3,03,03,Item de teste 4103
Produto 4104,4204,10,Cat4,A4,04,04,Item de teste 4104
Produto 4105,4205,10,Cat5,A0,05,05,Item de teste 4105
Produto 4106,4206,10,Cat6,A1,06,06,Item de teste 4106
Produto 4107,4207,10,Cat7,A2,07,07,Item de teste 4107
Produto 4108,4208,10,Cat8,A3,08,08,Item de teste 4108
Produto 4109,4209,10,Cat9,A4,09,09,Item de teste 4109
Produto 4110,4210,10,Cat0,A0,10,00,Item de teste 4110
Produto 4111,4211,10,Cat1,A1,11,01,Item de teste 4111
Produto 4112,4212,10,Cat2,A2,12,02,Item de teste 4112
Produto 4113,4213,10,Cat3,A3,13,03,Item de teste 4113
Produto 4114,4214,10,Cat4,A4,14,04,Item de teste 4114
Produto 4115,4215,10,Cat5,A0,15,05,Item de teste 4115
Produto 4116,4216,10,Cat6,A1,16,06,Item de teste 4116
Produto 4117,4217,10,Cat7,A2,17,07,Item de teste 4117
Produto 4118,4218,10,Cat8,A3,18,08,Item de teste 4118
Produto 4119,4219,10,Cat9,A4,19,09,Item de teste 4119
Produto 4120,4220,10,Cat0,A0,00,00,Item de teste 4120
Produto 4121,4221,10,Cat1,A1,01,01,Item de teste 4121
Produto 4122,4222,10,Cat2,A2,02,02,Item de teste 4122
Produto 4123,4223,10,Cat3,A3,03,03,Item de teste 4123
Produto 4124,4224,10,Cat4,A4,04,04,Item de teste 4124
Produto 4125,4225,10,Cat5,A0,05,05,Item de teste 4125
Produto 4126,4226,10,Cat6,A1,06,06,Item de teste 4126
Produto 4127,4227,10,Cat7,A2,07,07,Item de teste 4127
Produto 4128,4228,10,Cat8,A3,08,08,Item de teste 4128
Produto 4129,4229,10,Cat9,A4,09,09,Item de teste 4129
Produto 4130,4230,10,Cat0,A0,10,00,Item de teste 4130
Produto 4131,4231,10,Cat1,A1,11,01,Item de teste 4131
Produto 4132,4232,10,Cat2,A2,12,02,Item de teste 4132
Produto 4133,4233,10,Cat3,A3,13,03,Item de teste 4133
Produto 4134,4234,10,Cat4,A4,14,04,Item de teste 4134
Produto 4135,4235,10,Cat5,A0,15,05,Item de teste 4135
Produto 4136,4236,10,Cat6,A1,16,06,Item de teste 4136
Produto 4137,4237,10,Cat7,A2,17,07,Item de teste 4137
Produto 4138,4238,10,Cat8,A3,18,08,Item de teste 4138
Produto 4139,4239,10,Cat9,A4,19,09,Item de teste 4139
Produto 4140,4240,10,Cat0,A0,00,00,Item de teste 4140
Produto 4141,4241,10,Cat1,A1,01,01,Item de teste 4141
Produto 4142,4242,10,Cat2,A2,02,02,Item de teste 4142
Produto 4143,4243,10,Cat3,A3,03,03,Item de teste 4143
Produto 4144,4244,10,Cat4,A4,04,04,Item de teste 4144
Produto 4145,4245,10,Cat5,A0,05,05,Item de teste 4145
Produto 4146,4246,10,Cat6,A1,06,06,Item de teste 4146
Produto 4147,4247,10,Cat7,A2,07,07,Item de teste 4147
Produto 4148,4248,10,Cat8,A3,08,08,Item de teste 4148
Produto 4149,4249,10,Cat9,A4,09,09,Item de teste 4149
Produto 4150,4250,10,Cat0,A0,10,00,Item de teste 4150
Produto 4151,4251,10,Cat1,A1,11,01,Item de teste 4151
Produto 4152,4252,10,Cat2,A2,12,02,Item de teste 4152
Produto 4153,4253,10,Cat3,A3,13,03,Item de teste 4153
Produto 4154,4254,10,Cat4,A4,14,04,Item de teste 4154
Produto 4155,4255,10,Cat5,A0,15,05,Item de teste 4155
Produto 4156,4256,10,Cat6,A1,16,06,Item de teste 4156
Produto 4157,4257,10,Cat7,A2,17,07,Item de teste 4157
Produto 4158,4258,10,Cat8,A3,18,08,Item de teste 4158
Produto 4159,4259,10,Cat9,A4,19,09,Item de teste 4159
Produto 4160,4260,10,Cat0,A0,00,00,Item de teste 4160
Produto 4161,4261,10,Cat1,A1,01,01,Item de teste 4161
Produto 4162,4262,10,Cat2,A2,02,02,Item de teste 4162
Produto 4163,4263,10,Cat3,A3,03,03,Item de teste 4163
Produto 4164,4264,10,Cat4,A4,04,04,Item de teste 4164
Produto 4165,4265,10,Cat5,A0,05,05,Item de teste 4165
Produto 4166,4266,10,Cat6,A1,06,06,Item de teste 4166
Produto 4167,4267,10,Cat7,A2,07,07,Item de teste 4167
Produto 4168,4268,10,Cat8,A3,08,08,Item de teste 4168
Produto 4169,4269,10,Cat9,A4,09,09,Item de teste 4169
Produto 4170,4270,10,Cat0,A0,10,00,Item de teste 4170
Produto 4171,4271,10,Cat1,A1,11,01,Item de teste 4171
Produto 4172,4272,10,Cat2,A2,12,02,Item de teste 4172
Produto 4173,4273,10,Cat3,A3,13,03,Item de teste 4173
Produto 4174,4274,10,Cat4,A4,14,04,Item de teste 4174
Produto 4175,4275,10,Cat5,A0,15,05,Item de teste 4175
Produto 4176,4276,10,Cat6,A1,16,06,Item de teste 4176
Produto 4177,4277,10,Cat7,A2,17,07,Item de teste 4177
Produto 4178,4278,10,Cat8,A3,18,08,Item de teste 4178
Produto 4179,4279,10,Cat9,A4,19,09,Item de teste 4179
Produto 4180,4280,10,Cat0,A0,00,00,Item de teste 4180
Produto 4181,4281,10,Cat1,A1,01,01,Item de teste 4181
Produto 4182,4282,10,Cat2,A2,02,02,Item de teste 4182
Produto 4183,4283,10,Cat3,A3,03,03,Item de teste 4183
Produto 4184,4284,10,Cat4,A4,04,04,Item de teste 4184
Produto 4185,4285,10,Cat5,A0,05,05,Item de teste 4185
Produto 4186,4286,10,Cat6,A1,06,06,Item de teste 4186
Produto 4187,4287,10,Cat7,A2,07,07,Item de teste 4187
Produto 4188,4288,10,Cat8,A3,08,08,Item de teste 4188
Produto 4189,4289,10,Cat9,A4,09,09,Item de teste 4189
Produto 4190,4290,10,Cat0,A0,10,00,Item de teste 4190
Produto 4191,4291,10,Cat1,A1,11,01,Item de teste 4191
Produto 4192,4292,10,Cat2,A2,12,02,Item de teste 4192
Produto 4193,4293,10,Cat3,A3,13,03,Item de teste 4193
Produto 4194,4294,10,Cat4,A4,14,04,Item de teste 4194
Produto 4195,4295,10,Cat5,A0,15,05,Item de teste 4195
Produto 4196,4296,10,Cat6,A1,16,06,Item de teste 4196
Produto 4197,4297,10,Cat7,A2,17,07,Item de teste 4197
Produto 4198,4298,10,Cat8,A3,18,08,Item de teste 4198
Produto 4199,4299,10,Cat9,A4,19,09,Item de teste 4199
Produto 4200,4300,10,Cat0,A0,00,00,Item de teste 4200
Produto 4201,4301,10,Cat1,A1,01,01,Item de teste 4201
Produto 4202,4302,10,Cat2,A2,02,02,Item de teste 4202
Produto 4203,4303,10,Cat3,A3,03,03,Item de teste 4203
Produto 4204,4304,10,Cat4,A4,04,04,Item de teste 4204
Produto 4205,4305,10,Cat5,A0,05,05,Item de teste 4205
Produto 4206,4306,10,Cat6,A1,06,06,Item de teste 4206
Produto 4207,4307,10,Cat7,A2,07,07,Item de teste 4207
Produto 4208,4308,10,Cat8,A3,08,08,Item de teste 4208
Produto 4209,4309,10,Cat9,A4,09,09,Item de teste 4209
Produto 4210,4310,10,Cat0,A0,10,00,Item de teste 4210
Produto 4211,4311,10,Cat1,A1,11,01,Item de teste 4211
Produto 4212,4312,10,Cat2,A2,12,02,Item de teste 4212
Produto 4213,4313,10,Cat3,A3,13,03,Item de teste 4213
Produto 4214,4314,10,Cat4,A4,14,04,Item de teste 4214
Produto 4215,4315,10,Cat5,A0,15,05,Item de teste 4215
Produto 4216,4316,10,Cat6,A1,16,06,Item de teste 4216
Produto 4217,4317,10,Cat7,A2,17,07,Item de teste 4217
Produto 4218,4318,10,Cat8,A3,18,08,Item de teste 4218
Produto 4219,4319,10,Cat9,A4,19,09,Item de teste 4219
Produto 4220,4320,10,Cat0,A0,00,00,Item de teste 4220
Produto 4221,4321,10,Cat1,A1,01,01,Item de teste 4221
Produto 4222,4322,10,Cat2,A2,02,02,Item de teste 4222
Produto 4223,4323,10,Cat3,A3,03,03,Item de teste 4223
Produto 4224,4324,10,Cat4,A4,04,04,Item de teste 4224
Produto 4225,4325,10,Cat5,A0,05,05,Item de teste 4225
Produto 4226,4326,10,Cat6,A1,06,06,Item de teste 4226
Produto 4227,4327,10,Cat7,A2,07,07,Item de teste 4227
Produto 4228,4328,10,Cat8,A3,08,08,Item de teste 4228
Produto 4229,4329,10,Cat9,A4,09,09,Item de teste 4229
Produto 4230,4330,10,Cat0,A0,10,00,Item de teste 4230
Produto 4231,4331,10,Cat1,A1,11,01,Item de teste 4231
Produto 4232,4332,10,Cat2,A2,12,02,Item de teste 4232
Produto 4233,4333,10,Cat3,A3,13,03,Item de teste 4233
Produto 4234,4334,10,Cat4,A4,14,04,Item de teste 4234
Produto 4235,4335,10,Cat5,A0,15,05,Item de teste 4235
Produto 4236,4336,10,Cat6,A1,16,06,Item de teste 4236
Produto 4237,4337,10,Cat7,A2,17,07,Item de teste 4237
Produto 4238,4338,10,Cat8,A3,18,08,Item de teste 4238
Produto 4239,4339,10,Cat9,A4,19,09,Item de teste 4239
Produto 4240,4340,10,Cat0,A0,00,00,Item de teste 4240
Produto 4241,4341,10,Cat1,A1,01,01,Item de teste 4241
Produto 4242,4342,10,Cat2,A2,02,02,Item de teste 4242
Produto 4243,4343,10,Cat3,A3,03,03,Item de teste 4243
Produto 4244,4344,10,Cat4,A4,04,04,Item de teste 4244
Produto 4245,4345,10,Cat5,A0,05,05,Item de teste 4245
Produto 4246,4346,10,Cat6,A1,06,06,Item de teste 4246
Produto 4247,4347,10,Cat7,A2,07,07,Item de teste 4247
Produto 4248,4348,10,Cat8,A3,08,08,Item de teste 4248
Produto 4249,4349,10,Cat9,A4,09,09,Item de teste 4249
Produto 4250,4350,10,Cat0,A0,10,00,Item de teste 4250
Produto 4251,4351,10,Cat1,A1,11,01,Item de teste 4251
Produto 4252,4352,10,Cat2,A2,12,02,Item de teste 4252
Produto 4253,4353,10,Cat3,A3,13,03,Item de teste 4253
Produto 4254,4354,10,Cat4,A4,14,04,Item de teste 4254
Produto 4255,4355,10,Cat5,A0,15,05,Item de teste 4255
Produto 4256,4356,10,Cat6,A1,16,06,Item de teste 4256
Produto 4257,4357,10,Cat7,A2,17,07,Item de teste 4257
Produto 4258,4358,10,Cat8,A3,18,08,Item de teste 4258
Produto 4259,4359,10,Cat9,A4,19,09,Item de teste 4259
Produto 4260,4360,10,Cat0,A0,00,00,Item de teste 4260
Produto 4261,4361,10,Cat1,A1,01,01,Item de teste 4261
Produto 4262,4362,10,Cat2,A2,02,02,Item de teste 4262
Produto 4263,4363,10,Cat3,A3,03,03,Item de teste 4263
Produto 4264,4364,10,Cat4,A4,04,04,Item de teste 4264
Produto 4265,4365,10,Cat5,A0,05,05,Item de teste 4265
Produto 4266,4366,10,Cat6,A1,06,06,Item de teste 4266
Produto 4267,4367,10,Cat7,A2,07,07,Item de teste 4267
Produto 4268,4368,10,Cat8,A3,08,08,Item de teste 4268
Produto 4269,4369,10,Cat9,A4,09,09,Item de teste 4269
Produto 4270,4370,10,Cat0,A0,10,00,Item de teste 4270
Produto 4271,4371,10,Cat1,A1,11,01,Item de teste 4271
Produto 4272,4372,10,Cat2,A2,12,02,Item de teste 4272
Produto 4273,4373,10,Cat3,A3,13,03,Item de teste 4273
Produto 4274,4374,10,Cat4,A4,14,04,Item de teste 4274
Produto 4275,4375,10,Cat5,A0,15,05,Item de teste 4275
Produto 4276,4376,10,Cat6,A1,16,06,Item de teste 4276
Produto 4277,4377,10,Cat7,A2,17,07,Item de teste 4277
Produto 4278,4378,10,Cat8,A3,18,08,Item de teste 4278
Produto 4279,4379,10,Cat9,A4,19,09,Item de teste 4279
Produto 4280,4380,10,Cat0,A0,00,00,Item de teste 4280
Produto 4281,4381,10,Cat1,A1,01,01,Item de teste 4281
Produto 4282,4382,10,Cat2,A2,02,02,Item de teste 4282
Produto 4283,4383,10,Cat3,A3,03,03,Item de teste 4283
Produto 4284,4384,10,Cat4,A4,04,04,Item de teste 4284
Produto 4285,4385,10,Cat5,A0,05,05,Item de teste 4285
Produto 4286,4386,10,Cat6,A1,06,06,Item de teste 4286
Produto 4287,4387,10,Cat7,A2,07,07,Item de teste 4287
Produto 4288,4388,10,Cat8,A3,08,08,Item de teste 4288
Produto 4289,4389,10,Cat9,A4,09,09,Item de teste 4289
Produto 4290,4390,10,Cat0,A0,10,00,Item de teste 4290
Produto 4291,4391,10,Cat1,A1,11,01,Item de teste 4291
Produto 4292,4392,10,Cat2,A2,12,02,Item de teste 4292
Produto 4293,4393,10,Cat3,A3,13,03,Item de teste 4293
Produto 4294,4394,10,Cat4,A4,14,04,Item de teste 4294
Produto 4295,4395,10,Cat5,A0,15,05,Item de teste 4295
Produto 4296,4396,10,Cat6,A1,16,06,Item de teste 4296
Produto 4297,4397,10,Cat7,A2,17,07,Item de teste 4297
Produto 4298,4398,10,Cat8,A3,18,08,Item de teste 4298
Produto 4299,4399,10,Cat9,A4,19,09,Item de teste 4299
Produto 4300,4400,10,Cat0,A0,00,00,Item de teste 4300
Produto 4301,4401,10,Cat1,A1,01,01,Item de teste 4301
Produto 4302,4402,10,Cat2,A2,02,02,Item de teste 4302
Produto 4303,4403,10,Cat3,A3,03,03,Item de teste 4303
Produto 4304,4404,10,Cat4,A4,04,04,Item de teste 4304
Produto 4305,4405,10,Cat5,A0,05,05,Item de teste 4305
Produto 4306,4406,10,Cat6,A1,06,06,Item de teste 4306
Produto 4307,4407,10,Cat7,A2,07,07,Item de teste 4307
Produto 4308,4408,10,Cat8,A3,08,08,Item de teste 4308
Produto 4309,4409,10,Cat9,A4,09,09,Item de teste 4309
Produto 4310,4410,10,Cat0,A0,10,00,Item de teste 4310
Produto 4311,4411,10,Cat1,A1,11,01,Item de teste 4311
Produto 4312,4412,10,Cat2,A2,12,02,Item de teste 4312
Produto 4313,4413,10,Cat3,A3,13,03,Item de teste 4313
Produto 4314,4414,10,Cat4,A4,14,04,Item de teste 4314
Produto 4315,4415,10,Cat5,A0,15,05,Item de teste 4315
Produto 4316,4416,10,Cat6,A1,16,06,Item de teste 4316
Produto 4317,4417,10,Cat7,A2,17,07,Item de teste 4317
Produto 4318,4418,10,Cat8,A3,18,08,Item de teste 4318
Produto 4319,4419,10,Cat9,A4,19,09,Item de teste 4319
Produto 4320,4420,10,Cat0,A0,00,00,Item de teste 4320
Produto 4321,4421,10,Cat1,A1,01,01,Item de teste 4321
Produto 4322,4422,10,Cat2,A2,02,02,Item de teste 4322
Produto 4323,4423,10,Cat3,A3,03,03,Item de teste 4323
Produto 4324,4424,10,Cat4,A4,04,04,Item de teste 4324
Produto 4325,4425,10,Cat5,A0,05,05,Item de teste 4325
Produto 4326,4426,10,Cat6,A1,06,06,Item de teste 4326
Produto 4327,4427,10,Cat7,A2,07,07,Item de teste 4327
Produto 4328,4428,10,Cat8,A3,08,08,Item de teste 4328
Produto 4329,4429,10,Cat9,A4,09,09,Item de teste 4329
Produto 4330,4430,10,Cat0,A0,10,00,Item de teste 4330
Produto 4331,4431,10,Cat1,A1,11,01,Item de teste 4331
Produto 4332,4432,10,Cat2,A2,12,02,Item de teste 4332
Produto 4333,4433,10,Cat3,A3,13,03,Item de teste 4333
Produto 4334,4434,10,Cat4,A4,14,04,Item de teste 4334
Produto 4335,4435,10,Cat5,A0,15,05,Item de teste 4335
Produto 4336,4436,10,Cat6,A1,16,06,Item de teste 4336
Produto 4337,4437,10,Cat7,A2,17,07,Item de teste 4337
Produto 4338,4438,10,Cat8,A3,18,08,Item de teste 4338
Produto 4339,4439,10,Cat9,A4,19,09,Item de teste 4339
Produto 4340,4440,10,Cat0,A0,00,00,Item de teste 4340
Produto 4341,4441,10,Cat1,A1,01,01,Item de teste 4341
Produto 4342,4442,10,Cat2,A2,02,02,Item de teste 4342
Produto 4343,4443,10,Cat3,A3,03,03,Item de teste 4343
Produto 4344,4444,10,Cat4,A4,04,04,Item de teste 4344
Produto 4345,4445,10,Cat5,A0,05,05,Item de teste 4345
Produto 4346,4446,10,Cat6,A1,06,06,Item de teste 4346
Produto 4347,4447,10,Cat7,A2,07,07,Item de teste 4347
Produto 4348,4448,10,Cat8,A3,08,08,Item de teste 4348
Produto 4349,4449,10,Cat9,A4,09,09,Item de teste 4349
Produto 4350,4450,10,Cat0,A0,10,00,Item de teste 4350
Produto 4351,4451,10,Cat1,A1,11,01,Item de teste 4351
Produto 4352,4452,10,Cat2,A2,12,02,Item de teste 4352
Produto 4353,4453,10,Cat3,A3,13,03,Item de teste 4353
Produto 4354,4454,10,Cat4,A4,14,04,Item de teste 4354
Produto 4355,4455,10,Cat5,A0,15,05,Item de teste 4355
Produto 4356,4456,10,Cat6,A1,16,06,Item de teste 4356
Produto 4357,4457,10,Cat7,A2,17,07,Item de teste 4357
Produto 4358,4458,10,Cat8,A3,18,08,Item de teste 4358
Produto 4359,4459,10,Cat9,A4,19,09,Item de teste 4359
Produto 4360,4460,10,Cat0,A0,00,00,Item de teste 4360
Produto 4361,4461,10,Cat1,A1,01,01,Item de teste 4361
Produto 4362,4462,10,Cat2,A2,02,02,Item de teste 4362
Produto 4363,4463,10,Cat3,A3,03,03,Item de teste 4363
Produto 4364,4464,10,Cat4,A4,04,04,Item de teste 4364
Produto 4365,4465,10,Cat5,A0,05,05,Item de teste 4365
Produto 4366,4466,10,Cat6,A1,06,06,Item de teste 4366
Produto 4367,4467,10,Cat7,A2,07,07,Item de teste 4367
Produto 4368,4468,10,Cat8,A3,08,08,Item de teste 4368
Produto 4369,4469,10,Cat9,A4,09,09,Item de teste 4369
Produto 4370,4470,10,Cat0,A0,10,00,Item de teste 4370
Produto 4371,4471,10,Cat1,A1,11,01,Item de teste 4371
Produto 4372,4472,10,Cat2,A2,12,02,Item de teste 4372
Produto 4373,4473,10,Cat3,A3,13,03,Item de teste 4373
Produto 4374,4474,10,Cat4,A4,14,04,Item de teste 4374
Produto 4375,4475,10,Cat5,A0,15,05,Item de teste 4375
Produto 4376,4476,10,Cat6,A1,16,06,Item de teste 4376
Produto 4377,4477,10,Cat7,A2,17,07,Item de teste 4377
Produto 4378,4478,10,Cat8,A3,18,08,Item de teste 4378
Produto 4379,4479,10,Cat9,A4,19,09,Item de teste 4379
Produto 4380,4480,10,Cat0,A0,00,00,Item de teste 4380
Produto 4381,4481,10,Cat1,A1,01,01,Item de teste 4381
Produto 4382,4482,10,Cat2,A2,02,02,Item de teste 4382
Produto 4383,4483,10,Cat3,A3,03,03,Item de teste 4383
Produto 4384,4484,10,Cat4,A4,04,04,Item de teste 4384
Produto 4385,4485,10,Cat5,A0,05,05,Item de teste 4385
Produto 4386,4486,10,Cat6,A1,06,06,Item de teste 4386
Produto 4387,4487,10,Cat7,A2,07,07,Item de teste 4387
Produto 4388,4488,10,Cat8,A3,08,08,Item de teste 4388
Produto 4389,4489,10,Cat9,A4,09,09,Item de teste 4389
Produto 4390,4490,10,Cat0,A0,10,00,Item de teste 4390
Produto 4391,4491,10,Cat1,A1,11,01,Item de teste 4391
Produto 4392,4492,10,Cat2,A2,12,02,Item de teste 4392
Produto 4393,4493,10,Cat3,A3,13,03,Item de teste 4393
Produto 4394,4494,10,Cat4,A4,14,04,Item de teste 4394
Produto 4395,4495,10,Cat5,A0,15,05,Item de teste 4395
Produto 4396,4496,10,Cat6,A1,16,06,Item de teste 4396
Produto 4397,4497,10,Cat7,A2,17,07,Item de teste 4397
Produto 4398,4498,10,Cat8,A3,18,08,Item de teste 4398
Produto 4399,4499,10,Cat9,A4,19,09,Item de teste 4399
Produto 4400,4500,10,Cat0,A0,00,00,Item de teste 4400
Produto 4401,4501,10,Cat1,A1,01,01,Item de teste 4401
Produto 4402,4502,10,Cat2,A2,02,02,Item de teste 4402
Produto 4403,4503,10,Cat3,A3,03,03,Item de teste 4403
Produto 4404,4504,10,Cat4,A4,04,04,Item de teste 4404
Produto 4405,4505,10,Cat5,A0,05,05,Item de teste 4405
Produto 4406,4506,10,Cat6,A1,06,06,Item de teste 4406
Produto 4407,4507,10,Cat7,A2,07,07,Item de teste 4407
Produto 4408,4508,10,Cat8,A3,08,08,Item de teste 4408
Produto 4409,4509,10,Cat9,A4,09,09,Item de teste 4409
Produto 4410,4510,10,Cat0,A0,10,00,Item de teste 4410
Produto 4411,4511,10,Cat1,A1,11,01,Item de teste 4411
Produto 4412,4512,10,Cat2,A2,12,02,Item de teste 4412
Produto 4413,4513,10,Cat3,A3,13,03,Item de teste 4413
Produto 4414,4514,10,Cat4,A4,14,04,Item de teste 4414
Produto 4415,4515,10,Cat5,A0,15,05,Item de teste 4415
Produto 4416,4516,10,Cat6,A1,16,06,Item de teste 4416
Produto 4417,4517,10,Cat7,A2,17,07,Item de teste 4417
Produto 4418,4518,10,Cat8,A3,18,08,Item de teste 4418
Produto 4419,4519,10,Cat9,A4,19,09,Item de teste 4419
Produto 4420,4520,10,Cat0,A0,00,00,Item de teste 4420
Produto 4421,4521,10,Cat1,A1,01,01,Item de teste 4421
Produto 4422,4522,10,Cat2,A2,02,02,Item de teste 4422
Produto 4423,4523,10,Cat3,A3,03,03,Item de teste 4423
Produto 4424,4524,10,Cat4,A4,04,04,Item de teste 4424
Produto 4425,4525,10,Cat5,A0,05,05,Item de teste 4425
Produto 4426,4526,10,Cat6,A1,06,06,Item de teste 4426
Produto 4427,4527,10,Cat7,A2,07,07,Item de teste 4427
Produto 4428,4528,10,Cat8,A3,08,08,Item de teste 4428
Produto 4429,4529,10,Cat9,A4,09,09,Item de teste 4429
Produto 4430,4530,10,Cat0,A0,10,00,Item de teste 4430
Produto 4431,4531,10,Cat1,A1,11,01,Item de teste 4431
Produto 4432,4532,10,Cat2,A2,12,02,Item de teste 4432
Produto 4433,4533,10,Cat3,A3,13,03,Item de teste 4433
Produto 4434,4534,10,Cat4,A4,14,04,Item de teste 4434
Produto 4435,4535,10,Cat5,A0,15,05,Item de teste 4435
Produto 4436,4536,10,Cat6,A1,16,06,Item de teste 4436
Produto 4437,4537,10,Cat7,A2,17,07,Item de teste 4437
Produto 4438,4538,10,Cat8,A3,18,08,Item de teste 4438
Produto 4439,4539,10,Cat9,A4,19,09,Item de teste 4439
Produto 4440,4540,10,Cat0,A0,00,00,Item de teste 4440
Produto 4441,4541,10,Cat1,A1,01,01,Item de teste 4441
Produto 4442,4542,10,Cat2,A2,02,02,Item de teste 4442
Produto 4443,4543,10,Cat3,A3,03,03,Item de teste 4443
Produto 4444,4544,10,Cat4,A4,04,04,Item de teste 4444
Produto 4445,4545,10,Cat5,A0,05,05,Item de teste 4445
Produto 4446,4546,10,Cat6,A1,06,06,Item de teste 4446
Produto 4447,4547,10,Cat7,A2,07,07,Item de teste 4447
Produto 4448,4548,10,Cat8,A3,08,08,Item de teste 4448
Produto 4449,4549,10,Cat9,A4,09,09,Item de teste 4449
Produto 4450,4550,10,Cat0,A0,10,00,Item de teste 4450
Produto 4451,4551,10,Cat1,A1,11,01,Item de teste 4451
Produto 4452,4552,10,Cat2,A2,12,02,Item de teste 4452
Produto 4453,4553,10,Cat3,A3,13,03,Item de teste 4453
Produto 4454,4554,10,Cat4,A4,14,04,Item de teste 4454
Produto 4455,4555,10,Cat5,A0,15,05,Item de teste 4455
Produto 4456,4556,10,Cat6,A1,16,06,Item de teste 4456
Produto 4457,4557,10,Cat7,A2,17,07,Item de teste 4457
Produto 4458,4558,10,Cat8,A3,18,08,Item de teste 4458
Produto 4459,4559,10,Cat9,A4,19,09,Item de teste 4459
Produto 4460,4560,10,Cat0,A0,00,00,Item de teste 4460
Produto 4461,4561,10,Cat1,A1,01,01,Item de teste 4461
Produto 4462,4562,10,Cat2,A2,02,02,Item de teste 4462
Produto 4463,4563,10,Cat3,A3,03,03,Item de teste 4463
Produto 4464,4564,10,Cat4,A4,04,04,Item de teste 4464
Produto 4465,4565,10,Cat5,A0,05,05,Item de teste 4465
Produto 4466,4566,10,Cat6,A1,06,06,Item de teste 4466
Produto 4467,4567,10,Cat7,A2,07,07,Item de teste 4467
Produto 4468,4568,10,Cat8,A3,08,08,Item de teste 4468
Produto 4469,4569,10,Cat9,A4,09,09,Item de teste 4469
Produto 4470,4570,10,Cat0,A0,10,00,Item de teste 4470
Produto 4471,4571,10,Cat1,A1,11,01,Item de teste 4471
Produto 4472,4572,10,Cat2,A2,12,02,Item de teste 4472
Produto 4473,4573,10,Cat3,A3,13,03,Item de teste 4473
Produto 4474,4574,10,Cat4,A4,14,04,Item de teste 4474
Produto 4475,4575,10,Cat5,A0,15,05,Item de teste 4475
Produto 4476,4576,10,Cat6,A1,16,06,Item de teste 4476
Produto 4477,4577,10,Cat7,A2,17,07,Item de teste 4477
Produto 4478,4578,10,Cat8,A3,18,08,Item de teste 4478
Produto 4479,4579,10,Cat9,A4,19,09,Item de teste 4479
Produto 4480,4580,10,Cat0,A0,00,00,Item de teste 4480
Produto 4481,4581,10,Cat1,A1,01,01,Item de teste 4481
Produto 4482,4582,10,Cat2,A2,02,02,Item de teste 4482
Produto 4483,4583,10,Cat3,A3,03,03,Item de teste 4483
Produto 4484,4584,10,Cat4,A4,04,04,Item de teste 4484
Produto 4485,4585,10,Cat5,A0,05,05,Item de teste 4485
Produto 4486,4586,10,Cat6,A1,06,06,Item de teste 4486
Produto 4487,4587,10,Cat7,A2,07,07,Item de teste 4487
Produto 4488,4588,10,Cat8,A3,08,08,Item de teste 4488
Produto 4489,4589,10,Cat9,A4,09,09,Item de teste 4489
Produto 4490,4590,10,Cat0,A0,10,00,Item de teste 4490
Produto 4491,4591,10,Cat1,A1,11,01,Item de teste 4491
Produto 4492,4592,10,Cat2,A2,12,02,Item de teste 4492
Produto 4493,4593,10,Cat3,A3,13,03,Item de teste 4493
Produto 4494,4594,10,Cat4,A4,14,04,Item de teste 4494
Produto 4495,4595,10,Cat5,A0,15,05,Item de teste 4495
Produto 4496,4596,10,Cat6,A1,16,06,Item de teste 4496
Produto 4497,4597,10,Cat7,A2,17,07,Item de teste 4497
Produto 4498,4598,10,Cat8,A3,18,08,Item de teste 4498
Produto 4499,4599,10,Cat9,A4,19,09,Item de teste 4499
Produto 4500,4600,10,Cat0,A0,00,00,Item de teste 4500
Produto 4501,4601,10,Cat1,A1,01,01,Item de teste 4501
Produto 4502,4602,10,Cat2,A2,02,02,Item de teste 4502
Produto 4503,4603,10,Cat3,A3,03,03,Item de teste 4503
Produto 4504,4604,10,Cat4,A4,04,04,Item de teste 4504
Produto 4505,4605,10,Cat5,A0,05,05,Item de teste 4505
Produto 4506,4606,10,Cat6,A1,06,06,Item de teste 4506
Produto 4507,4607,10,Cat7,A2,07,07,Item de teste 4507
Produto 4508,4608,10,Cat8,A3,08,08,Item de teste 4508
Produto 4509,4609,10,Cat9,A4,09,09,Item de teste 4509
Produto 4510,4610,10,Cat0,A0,10,00,Item de teste 4510
Produto 4511,4611,10,Cat1,A1,11,01,Item de teste 4511
Produto 4512,4612,10,Cat2,A2,12,02,Item de teste 4512
Produto 4513,4613,10,Cat3,A3,13,03,Item de teste 4513
Produto 4514,4614,10,Cat4,A4,14,04,Item de teste 4514
Produto 4515,4615,10,Cat5,A0,15,05,Item de teste 4515
Produto 4516,4616,10,Cat6,A1,16,06,Item de teste 4516
Produto 4517,4617,10,Cat7,A2,17,07,Item de teste 4517
Produto 4518,4618,10,Cat8,A3,18,08,Item de teste 4518
Produto 4519,4619,10,Cat9,A4,19,09,Item de teste 4519
Produto 4520,4620,10,Cat0,A0,00,00,Item de teste 4520
Produto 4521,4621,10,Cat1,A1,01,01,Item de teste 4521
Produto 4522,4622,10,Cat2,A2,02,02,Item de teste 4522
Produto 4523,4623,10,Cat3,A3,03,03,Item de teste 4523
Produto 4524,4624,10,Cat4,A4,04,04,Item de teste 4524
Produto 4525,4625,10,Cat5,A0,05,05,Item de teste 4525
Produto 4526,4626,10,Cat6,A1,06,06,Item de teste 4526
Produto 4527,4627,10,Cat7,A2,07,07,Item de teste 4527
Produto 4528,4628,10,Cat8,A3,08,08,Item de teste 4528
Produto 4529,4629,10,Cat9,A4,09,09,Item de teste 4529
Produto 4530,4630,10,Cat0,A0,10,00,Item de teste 4530
Produto 4531,4631,10,Cat1,A1,11,01,Item de teste 4531
Produto 4532,4632,10,Cat2,A2,12,02,Item de teste 4532
Produto 4533,4633,10,Cat3,A3,13,03,Item de teste 4533
Produto 4534,4634,10,Cat4,A4,14,04,Item de teste 4534
Produto 4535,4635,10,Cat5,A0,15,05,Item de teste 4535
Produto 4536,4636,10,Cat6,A1,16,06,Item de teste 4536
Produto 4537,4637,10,Cat7,A2,17,07,Item de teste 4537
Produto 4538,4638,10,Cat8,A3,18,08,Item de teste 4538
Produto 4539,4639,10,Cat9,A4,19,09,Item de teste 4539
Produto 4540,4640,10,Cat0,A0,00,00,Item de teste 4540
Produto 4541,4641,10,Cat1,A1,01,01,Item de teste 4541
Produto 4542,4642,10,Cat2,A2,02,02,Item de teste 4542
Produto 4543,4643,10,Cat3,A3,03,03,Item de teste 4543
Produto 4544,4644,10,Cat4,A4,04,04,Item de teste 4544
Produto 4545,4645,10,Cat5,A0,05,05,Item de teste 4545
Produto 4546,4646,10,Cat6,A1,06,06,Item de teste 4546
Produto 4547,4647,10,Cat7,A2,07,07,Item de teste 4547
Produto 4548,4648,10,Cat8,A3,08,08,Item de teste 4548
Produto 4549,4649,10,Cat9,A4,09,09,Item de teste 4549
Produto 4550,4650,10,Cat0,A0,10,00,Item de teste 4550
Produto 4551,4651,10,Cat1,A1,11,01,Item de teste 4551
Produto 4552,4652,10,Cat2,A2,12,02,Item de teste 4552
Produto 4553,4653,10,Cat3,A3,13,03,Item de teste 4553
Produto 4554,4654,10,Cat4,A4,14,04,Item de teste 4554
Produto 4555,4655,10,Cat5,A0,15,05,Item de teste 4555
Produto 4556,4656,10,Cat6,A1,16,06,Item de teste 4556
Produto 4557,4657,10,Cat7,A2,17,07,Item de teste 4557
Produto 4558,4658,10,Cat8,A3,18,08,Item de teste 4558
Produto 4559,4659,10,Cat9,A4,19,09,Item de teste 4559
Produto 4560,4660,10,Cat0,A0,00,00,Item de teste 4560
Produto 4561,4661,10,Cat1,A1,01,01,Item de teste 4561
Produto 4562,4662,10,Cat2,A2,02,02,Item de teste 4562
Produto 4563,4663,10,Cat3,A3,03,03,Item de teste 4563
Produto 4564,4664,10,Cat4,A4,04,04,Item de teste 4564
Produto 4565,4665,10,Cat5,A0,05,05,Item de teste 4565
Produto 4566,4666,10,Cat6,A1,06,06,Item de teste 4566
Produto 4567,4667,10,Cat7,A2,07,07,Item de teste 4567
Produto 4568,4668,10,Cat8,A3,08,08,Item de teste 4568
Produto 4569,4669,10,Cat9,A4,09,09,Item de teste 4569
Produto 4570,4670,10,Cat0,A0,10,00,Item de teste 4570
Produto 4571,4671,10,Cat1,A1,11,01,Item de teste 4571
Produto 4572,4672,10,Cat2,A2,12,02,Item de teste 4572
Produto 4573,4673,10,Cat3,A3,13,03,Item de teste 4573
Produto 4574,4674,10,Cat4,A4,14,04,Item de teste 4574
Produto 4575,4675,10,Cat5,A0,15,05,Item de teste 4575
Produto 4576,4676,10,Cat6,A1,16,06,Item de teste 4576
Produto 4577,4677,10,Cat7,A2,17,07,Item de teste 4577
Produto 4578,4678,10,Cat8,A3,18,08,Item de teste 4578
Produto 4579,4679,10,Cat9,A4,19,09,Item de teste 4579
Produto 4580,4680,10,Cat0,A0,00,00,Item de teste 4580
Produto 4581,4681,10,Cat1,A1,01,01,Item de teste 4581
Produto 4582,4682,10,Cat2,A2,02,02,Item de teste 4582
Produto 4583,4683,10,Cat3,A3,03,03,Item de teste 4583
Produto 4584,4684,10,Cat4,A4,04,04,Item de teste 4584
Produto 4585,4685,10,Cat5,A0,05,05,Item de teste 4585
Produto 4586,4686,10,Cat6,A1,06,06,Item de teste 4586
Produto 4587,4687,10,Cat7,A2,07,07,Item de teste 4587
Produto 4588,4688,10,Cat8,A3,08,08,Item de teste 4588
Produto 4589,4689,10,Cat9,A4,09,09,Item de teste 4589
Produto 4590,4690,10,Cat0,A0,10,00,Item de teste 4590
Produto 4591,4691,10,Cat1,A1,11,01,Item de teste 4591
Produto 4592,4692,10,Cat2,A2,12,02,Item de teste 4592
Produto 4593,4693,10,Cat3,A3,13,03,Item de teste 4593
Produto 4594,4694,10,Cat4,A4,14,04,Item de teste 4594
Produto 4595,4695,10,Cat5,A0,15,05,Item de teste 4595
Produto 4596,4696,10,Cat6,A1,16,06,Item de teste 4596
Produto 4597,4697,10,Cat7,A2,17,07,Item de teste 4597
Produto 4598,4698,10,Cat8,A3,18,08,Item de teste 4598
Produto 4599,4699,10,Cat9,A4,19,09,Item de teste 4599
Produto 4600,4700,10,Cat0,A0,00,00,Item de teste 4600
Produto 4601,4701,10,Cat1,A1,01,01,Item de teste 4601
Produto 4602,4702,10,Cat2,A2,02,02,Item de teste 4602
Produto 4603,4703,10,Cat3,A3,03,03,Item de teste 4603
Produto 4604,4704,10,Cat4,A4,04,04,Item de teste 4604
Produto 4605,4705,10,Cat5,A0,05,05,Item de teste 4605
Produto 4606,4706,10,Cat6,A1,06,06,Item de teste 4606
Produto 4607,4707,10,Cat7,A2,07,07,Item de teste 4607
Produto 4608,4708,10,Cat8,A3,08,08,Item de teste 4608
Produto 4609,4709,10,Cat9,A4,09,09,Item de teste 4609
Produto 4610,4710,10,Cat0,A0,10,00,Item de teste 4610
Produto 4611,4711,10,Cat1,A1,11,01,Item de teste 4611
Produto 4612,4712,10,Cat2,A2,12,02,Item de teste 4612
Produto 4613,4713,10,Cat3,A3,13,03,Item de teste 4613
Produto 4614,4714,10,Cat4,A4,14,04,Item de teste 4614
Produto 4615,4715,10,Cat5,A0,15,05,Item de teste 4615
Produto 4616,4716,10,Cat6,A1,16,06,Item de teste 4616
Produto 4617,4717,10,Cat7,A2,17,07,Item de teste 4617
Produto 4618,4718,10,Cat8,A3,18,08,Item de teste 4618
Produto 4619,4719,10,Cat9,A4,19,09,Item de teste 4619
Produto 4620,4720,10,Cat0,A0,00,00,Item de teste 4620
Produto 4621,4721,10,Cat1,A1,01,01,Item de teste 4621
Produto 4622,4722,10,Cat2,A2,02,02,Item de teste 4622
Produto 4623,4723,10,Cat3,A3,03,03,Item de teste 4623
Produto 4624,4724,10,Cat4,A4,04,04,Item de teste 4624
Produto 4625,4725,10,Cat5,A0,05,05,Item de teste 4625
Produto 4626,4726,10,Cat6,A1,06,06,Item de teste 4626
Produto 4627,4727,10,Cat7,A2,07,07,Item de teste 4627
Produto 4628,4728,10,Cat8,A3,08,08,Item de teste 4628
Produto 4629,4729,10,Cat9,A4,09,09,Item de teste 4629
Produto 4630,4730,10,Cat0,A0,10,00,Item de teste 4630
Produto 4631,4731,10,Cat1,A1,11,01,Item de teste 4631
Produto 4632,4732,10,Cat2,A2,12,02,Item de teste 4632
Produto 4633,4733,10,Cat3,A3,13,03,Item de teste 4633
Produto 4634,4734,10,Cat4,A4,14,04,Item de teste 4634
Produto 4635,4735,10,Cat5,A0,15,05,Item de teste 4635
Produto 4636,4736,10,Cat6,A1,16,06,Item de teste 4636
Produto 4637,4737,10,Cat7,A2,17,07,Item de teste 4637
Produto 4638,4738,10,Cat8,A3,18,08,Item de teste 4638
Produto 4639,4739,10,Cat9,A4,19,09,Item de teste 4639
Produto 4640,4740,10,Cat0,A0,00,00,Item de teste 4640
Produto 4641,4741,10,Cat1,A1,01,01,Item de teste 4641
Produto 4642,4742,10,Cat2,A2,02,02,Item de teste 4642
Produto 4643,4743,10,Cat3,A3,03,03,Item de teste 4643
Produto 4644,4744,10,Cat4,A4,04,04,Item de teste 4644
Produto 4645,4745,10,Cat5,A0,05,05,Item de teste 4645
Produto 4646,4746,10,Cat6,A1,06,06,Item de teste 4646
Produto 4647,4747,10,Cat7,A2,07,07,Item de teste 4647
Produto 4648,4748,10,Cat8,A3,08,08,Item de teste 4648
Produto 4649,4749,10,Cat9,A4,09,09,Item de teste 4649
Produto 4650,4750,10,Cat0,A0,10,00,Item de teste 4650
Produto 4651,4751,10,Cat1,A1,11,01,Item de teste 4651
Produto 4652,4752,10,Cat2,A2,12,02,Item de teste 4652
Produto 4653,4753,10,Cat3,A3,13,03,Item de teste 4653
Produto 4654,4754,10,Cat4,A4,14,04,Item de teste 4654
Produto 4655,4755,10,Cat5,A0,15,05,Item de teste 4655
Produto 4656,4756,10,Cat6,A1,16,06,Item de teste 4656
Produto 4657,4757,10,Cat7,A2,17,07,Item de teste 4657
Produto 4658,4758,10,Cat8,A3,18,08,Item de teste 4658
Produto 4659,4759,10,Cat9,A4,19,09,Item de teste 4659
Produto 4660,4760,10,Cat0,A0,00,00,Item de teste 4660
Produto 4661,4761,10,Cat1,A1,01,01,Item de teste 4661
Produto 4662,4762,10,Cat2,A2,02,02,Item de teste 4662
Produto 4663,4763,10,Cat3,A3,03,03,Item de teste 4663
Produto 4664,4764,10,Cat4,A4,04,04,Item de teste 4664
Produto 4665,4765,10,Cat5,A0,05,05,Item de teste 4665
Produto 4666,4766,10,Cat6,A1,06,06,Item de teste 4666
Produto 4667,4767,10,Cat7,A2,07,07,Item de teste 4667
Produto 4668,4768,10,Cat8,A3,08,08,Item de teste 4668
Produto 4669,4769,10,Cat9,A4,09,09,Item de teste 4669
Produto 4670,4770,10,Cat0,A0,10,00,Item de teste 4670
Produto 4671,4771,10,Cat1,A1,11,01,Item de teste 4671
Produto 4672,4772,10,Cat2,A2,12,02,Item de teste 4672
Produto 4673,4773,10,Cat3,A3,13,03,Item de teste 4673
Produto 4674,4774,10,Cat4,A4,14,04,Item de teste 4674
Produto 4675,4775,10,Cat5,A0,15,05,Item de teste 4675
Produto 4676,4776,10,Cat6,A1,16,06,Item de teste 4676
Produto 4677,4777,10,Cat7,A2,17,07,Item de teste 4677
Produto 4678,4778,10,Cat8,A3,18,08,Item de teste 4678
Produto 4679,4779,10,Cat9,A4,19,09,Item de teste 4679
Produto 4680,4780,10,Cat0,A0,00,00,Item de teste 4680
Produto 4681,4781,10,Cat1,A1,01,01,Item de teste 4681
Produto 4682,4782,10,Cat2,A2,02,02,Item de teste 4682
Produto 4683,4783,10,Cat3,A3,03,03,Item de teste 4683
Produto 4684,4784,10,Cat4,A4,04,04,Item de teste 4684
Produto 4685,4785,10,Cat5,A0,05,05,Item de teste 4685
Produto 4686,4786,10,Cat6,A1,06,06,Item de teste 4686
Produto 4687,4787,10,Cat7,A2,07,07,Item de teste 4687
Produto 4688,4788,10,Cat8,A3,08,08,Item de teste 4688
Produto 4689,4789,10,Cat9,A4,09,09,Item de teste 4689
Produto 4690,4790,10,Cat0,A0,10,00,Item de teste 4690
Produto 4691,4791,10,Cat1,A1,11,01,Item de teste 4691
Produto 4692,4792,10,Cat2,A2,12,02,Item de teste 4692
Produto 4693,4793,10,Cat3,A3,13,03,Item de teste 4693
Produto 4694,4794,10,Cat4,A4,14,04,Item de teste 4694
Produto 4695,4795,10,Cat5,A0,15,05,Item de teste 4695
Produto 4696,4796,10,Cat6,A1,16,06,Item de teste 4696
Produto 4697,4797,10,Cat7,A2,17,07,Item de teste 4697
Produto 4698,4798,10,Cat8,A3,18,08,Item de teste 4698
Produto 4699,4799,10,Cat9,A4,19,09,Item de teste 4699
Produto 4700,4800,10,Cat0,A0,00,00,Item de teste 4700
Produto 4701,4801,10,Cat1,A1,01,01,Item de teste 4701
Produto 4702,4802,10,Cat2,A2,02,02,Item de teste 4702
Produto 4703,4803,10,Cat3,A3,03,03,Item de teste 4703
Produto 4704,4804,10,Cat4,A4,04,04,Item de teste 4704
Produto 4705,4805,10,Cat5,A0,05,05,Item de teste 4705
Produto 4706,4806,10,Cat6,A1,06,06,Item de teste 4706
Produto 4707,4807,10,Cat7,A2,07,07,Item de teste 4707
Produto 4708,4808,10,Cat8,A3,08,08,Item de teste 4708
Produto 4709,4809,10,Cat9,A4,09,09,Item de teste 4709
Produto 4710,4810,10,Cat0,A0,10,00,Item de teste 4710
Produto 4711,4811,10,Cat1,A1,11,01,Item de teste 4711
Produto 4712,4812,10,Cat2,A2,12,02,Item de teste 4712
Produto 4713,4813,10,Cat3,A3,13,03,Item de teste 4713
Produto 4714,4814,10,Cat4,A4,14,04,Item de teste 4714
Produto 4715,4815,10,Cat5,A0,15,05,Item de teste 4715
Produto 4716,4816,10,Cat6,A1,16,06,Item de teste 4716
Produto 4717,4817,10,Cat7,A2,17,07,Item de teste 4717
Produto 4718,4818,10,Cat8,A3,18,08,Item de teste 4718
Produto 4719,4819,10,Cat9,A4,19,09,Item de teste 4719
Produto 4720,4820,10,Cat0,A0,00,00,Item de teste 4720
Produto 4721,4821,10,Cat1,A1,01,01,Item de teste 4721
Produto 4722,4822,10,Cat2,A2,02,02,Item de teste 4722
Produto 4723,4823,10,Cat3,A3,03,03,Item de teste 4723
Produto 4724,4824,10,Cat4,A4,04,04,Item de teste 4724
Produto 4725,4825,10,Cat5,A0,05,05,Item de teste 4725
Produto 4726,4826,10,Cat6,A1,06,06,Item de teste 4726
Produto 4727,4827,10,Cat7,A2,07,07,Item de teste 4727
Produto 4728,4828,10,Cat8,A3,08,08,Item de teste 4728
Produto 4729,4829,10,Cat9,A4,09,09,Item de teste 4729
Produto 4730,4830,10,Cat0,A0,10,00,Item de teste 4730
Produto 4731,4831,10,Cat1,A1,11,01,Item de teste 4731
Produto 4732,4832,10,Cat2,A2,12,02,Item de teste 4732
Produto 4733,4833,10,Cat3,A3,13,03,Item de teste 4733
Produto 4734,4834,10,Cat4,A4,14,04,Item de teste 4734
Produto 4735,4835,10,Cat5,A0,15,05,Item de teste 4735
Produto 4736,4836,10,Cat6,A1,16,06,Item de teste 4736
Produto 4737,4837,10,Cat7,A2,17,07,Item de teste 4737
Produto 4738,4838,10,Cat8,A3,18,08,Item de teste 4738
Produto 4739,4839,10,Cat9,A4,19,09,Item de teste 4739
Produto 4740,4840,10,Cat0,A0,00,00,Item de teste 4740
Produto 4741,4841,10,Cat1,A1,01,01,Item de teste 4741
Produto 4742,4842,10,Cat2,A2,02,02,Item de teste 4742
Produto 4743,4843,10,Cat3,A3,03,03,Item de teste 4743
Produto 4744,4844,10,Cat4,A4,04,04,Item de teste 4744
Produto 4745,4845,10,Cat5,A0,05,05,Item de teste 4745
Produto 4746,4846,10,Cat6,A1,06,06,Item de teste 4746
Produto 4747,4847,10,Cat7,A2,07,07,Item de teste 4747
Produto 4748,4848,10,Cat8,A3,08,08,Item de teste 4748
Produto 4749,4849,10,Cat9,A4,09,09,Item de teste 4749
Produto 4750,4850,10,Cat0,A0,10,00,Item de teste 4750
Produto 4751,4851,10,Cat1,A1,11,01,Item de teste 4751
Produto 4752,4852,10,Cat2,A2,12,02,Item de teste 4752
Produto 4753,4853,10,Cat3,A3,13,03,Item de teste 4753
Produto 4754,4854,10,Cat4,A4,14,04,Item de teste 4754
Produto 4755,4855,10,Cat5,A0,15,05,Item de teste 4755
Produto 4756,4856,10,Cat6,A1,16,06,Item de teste 4756
Produto 4757,4857,10,Cat7,A2,17,07,Item de teste 4757
Produto 4758,4858,10,Cat8,A3,18,08,Item de teste 4758
Produto 4759,4859,10,Cat9,A4,19,09,Item de teste 4759
Produto 4760,4860,10,Cat0,A0,00,00,Item de teste 4760
Produto 4761,4861,10,Cat1,A1,01,01,Item de teste 4761
Produto 4762,4862,10,Cat2,A2,02,02,Item de teste 4762
Produto 4763,4863,10,Cat3,A3,03,03,Item de teste 4763
Produto 4764,4864,10,Cat4,A4,04,04,Item de teste 4764
Produto 4765,4865,10,Cat5,A0,05,05,Item de teste 4765
Produto 4766,4866,10,Cat6,A1,06,06,Item de teste 4766
Produto 4767,4867,10,Cat7,A2,07,07,Item de teste 4767
Produto 4768,4868,10,Cat8,A3,08,08,Item de teste 4768
Produto 4769,4869,10,Cat9,A4,09,09,Item de teste 4769
Produto 4770,4870,10,Cat0,A0,10,00,Item de teste 4770
Produto 4771,4871,10,Cat1,A1,11,01,Item de teste 4771
Produto 4772,4872,10,Cat2,A2,12,02,Item de teste 4772
Produto 4773,4873,10,Cat3,A3,13,03,Item de teste 4773
Produto 4774,4874,10,Cat4,A4,14,04,Item de teste 4774
Produto 4775,4875,10,Cat5,A0,15,05,Item de teste 4775
Produto 4776,4876,10,Cat6,A1,16,06,Item de teste 4776
Produto 4777,4877,10,Cat7,A2,17,07,Item de teste 4777
Produto 4778,4878,10,Cat8,A3,18,08,Item de teste 4778
Produto 4779,4879,10,Cat9,A4,19,09,Item de teste 4779
Produto 4780,4880,10,Cat0,A0,00,00,Item de teste 4780
Produto 4781,4881,10,Cat1,A1,01,01,Item de teste 4781
Produto 4782,4882,10,Cat2,A2,02,02,Item de teste 4782
Produto 4783,4883,10,Cat3,A3,03,03,Item de teste 4783
Produto 4784,4884,10,Cat4,A4,04,04,Item de teste 4784
Produto 4785,4885,10,Cat5,A0,05,05,Item de teste 4785
Produto 4786,4886,10,Cat6,A1,06,06,Item de teste 4786
Produto 4787,4887,10,Cat7,A2,07,07,Item de teste 4787
Produto 4788,4888,10,Cat8,A3,08,08,Item de teste 4788
Produto 4789,4889,10,Cat9,A4,09,09,Item de teste 4789
Produto 4790,4890,10,Cat0,A0,10,00,Item de teste 4790
Produto 4791,4891,10,Cat1,A1,11,01,Item de teste 4791
Produto 4792,4892,10,Cat2,A2,12,02,Item de teste 4792
Produto 4793,4893,10,Cat3,A3,13,03,Item de teste 4793
Produto 4794,4894,10,Cat4,A4,14,04,Item de teste 4794
Produto 4795,4895,10,Cat5,A0,15,05,Item de teste 4795
Produto 4796,4896,10,Cat6,A1,16,06,Item de teste 4796
Produto 4797,4897,10,Cat7,A2,17,07,Item de teste 4797
Produto 4798,4898,10,Cat8,A3,18,08,Item de teste 4798
Produto 4799,4899,10,Cat9,A4,19,09,Item de teste 4799
Produto 4800,4900,10,Cat0,A0,00,00,Item de teste 4800
Produto 4801,4901,10,Cat1,A1,01,01,Item de teste 4801
Produto 4802,4902,10,Cat2,A2,02,02,Item de teste 4802
Produto 4803,4903,10,Cat3,A3,03,03,Item de teste 4803
Produto 4804,4904,10,Cat4,A4,04,04,Item de teste 4804
Produto 4805,4905,10,Cat5,A0,05,05,Item de teste 4805
Produto 4806,4906,10,Cat6,A1,06,06,Item de teste 4806
Produto 4807,4907,10,Cat7,A2,07,07,Item de teste 4807
Produto 4808,4908,10,Cat8,A3,08,08,Item de teste 4808
Produto 4809,4909,10,Cat9,A4,09,09,Item de teste 4809
Produto 4810,4910,10,Cat0,A0,10,00,Item de teste 4810
Produto 4811,4911,10,Cat1,A1,11,01,Item de teste 4811
Produto 4812,4912,10,Cat2,A2,12,02,Item de teste 4812
Produto 4813,4913,10,Cat3,A3,13,03,Item de teste 4813
Produto 4814,4914,10,Cat4,A4,14,04,Item de teste 4814
Produto 4815,4915,10,Cat5,A0,15,05,Item de teste 4815
Produto 4816,4916,10,Cat6,A1,16,06,Item de teste 4816
Produto 4817,4917,10,Cat7,A2,17,07,Item de teste 4817
Produto 4818,4918,10,Cat8,A3,18,08,Item de teste 4818
Produto 4819,4919,10,Cat9,A4,19,09,Item de teste 4819
Produto 4820,4920,10,Cat0,A0,00,00,Item de teste 4820
Produto 4821,4921,10,Cat1,A1,01,01,Item de teste 4821
Produto 4822,4922,10,Cat2,A2,02,02,Item de teste 4822
Produto 4823,4923,10,Cat3,A3,03,03,Item de teste 4823
Produto 4824,4924,10,Cat4,A4,04,04,Item de teste 4824
Produto 4825,4925,10,Cat5,A0,05,05,Item de teste 4825
Produto 4826,4926,10,Cat6,A1,06,06,Item de teste 4826
Produto 4827,4927,10,Cat7,A2,07,07,Item de teste 4827
Produto 4828,4928,10,Cat8,A3,08,08,Item de teste 4828
Produto 4829,4929,10,Cat9,A4,09,09,Item de teste 4829
Produto 4830,4930,10,Cat0,A0,10,00,Item de teste 4830
Produto 4831,4931,10,Cat1,A1,11,01,Item de teste 4831
Produto 4832,4932,10,Cat2,A2,12,02,Item de teste 4832
Produto 4833,4933,10,Cat3,A3,13,03,Item de teste 4833
Produto 4834,4934,10,Cat4,A4,14,04,Item de teste 4834
Produto 4835,4935,10,Cat5,A0,15,05,Item de teste 4835
Produto 4836,4936,10,Cat6,A1,16,06,Item de teste 4836
Produto 4837,4937,10,Cat7,A2,17,07,Item de teste 4837
Produto 4838,4938,10,Cat8,A3,18,08,Item de teste 4838
Produto 4839,4939,10,Cat9,A4,19,09,Item de teste 4839
Produto 4840,4940,10,Cat0,A0,00,00,Item de teste 4840
Produto 4841,4941,10,Cat1,A1,01,01,Item de teste 4841
Produto 4842,4942,10,Cat2,A2,02,02,Item de teste 4842
Produto 4843,4943,10,Cat3,A3,03,03,Item de teste 4843
Produto 4844,4944,10,Cat4,A4,04,04,Item de teste 4844
Produto 4845,4945,10,Cat5,A0,05,05,Item de teste 4845
Produto 4846,4946,10,Cat6,A1,06,06,Item de teste 4846
Produto 4847,4947,10,Cat7,A2,07,07,Item de teste 4847
Produto 4848,4948,10,Cat8,A3,08,08,Item de teste 4848
Produto 4849,4949,10,Cat9,A4,09,09,Item de teste 4849
Produto 4850,4950,10,Cat0,A0,10,00,Item de teste 4850
Produto 4851,4951,10,Cat1,A1,11,01,Item de teste 4851
Produto 4852,4952,10,Cat2,A2,12,02,Item de teste 4852
Produto 4853,4953,10,Cat3,A3,13,03,Item de teste 4853
Produto 4854,4954,10,Cat4,A4,14,04,Item de teste 4854
Produto 4855,4955,10,Cat5,A0,15,05,Item de teste 4855
Produto 4856,4956,10,Cat6,A1,16,06,Item de teste 4856
Produto 4857,4957,10,Cat7,A2,17,07,Item de teste 4857
Produto 4858,4958,10,Cat8,A3,18,08,Item de teste 4858
Produto 4859,4959,10,Cat9,A4,19,09,Item de teste 4859
Produto 4860,4960,10,Cat0,A0,00,00,Item de teste 4860
Produto 4861,4961,10,Cat1,A1,01,01,Item de teste 4861
Produto 4862,4962,10,Cat2,A2,02,02,Item de teste 4862
Produto 4863,4963,10,Cat3,A3,03,03,Item de teste 4863
Produto 4864,4964,10,Cat4,A4,04,04,Item de teste 4864
Produto 4865,4965,10,Cat5,A0,05,05,Item de teste 4865
Produto 4866,4966,10,Cat6,A1,06,06,Item de teste 4866
Produto 4867,4967,10,Cat7,A2,07,07,Item de teste 4867
Produto 4868,4968,10,Cat8,A3,08,08,Item de teste 4868
Produto 4869,4969,10,Cat9,A4,09,09,Item de teste 4869
Produto 4870,4970,10,Cat0,A0,10,00,Item de teste 4870
Produto 4871,4971,10,Cat1,A1,11,01,Item de teste 4871
Produto 4872,4972,10,Cat2,A2,12,02,Item de teste 4872
Produto 4873,4973,10,Cat3,A3,13,03,Item de teste 4873
Produto 4874,4974,10,Cat4,A4,14,04,Item de teste 4874
Produto 4875,4975,10,Cat5,A0,15,05,Item de teste 4875
Produto 4876,4976,10,Cat6,A1,16,06,Item de teste 4876
Produto 4877,4977,10,Cat7,A2,17,07,Item de teste 4877
Produto 4878,4978,10,Cat8,A3,18,08,Item de teste 4878
Produto 4879,4979,10,Cat9,A4,19,09,Item de teste 4879
Produto 4880,4980,10,Cat0,A0,00,00,Item de teste 4880
Produto 4881,4981,10,Cat1,A1,01,01,Item de teste 4881
Produto 4882,4982,10,Cat2,A2,02,02,Item de teste 4882
Produto 4883,4983,10,Cat3,A3,03,03,Item de teste 4883
Produto 4884,4984,10,Cat4,A4,04,04,Item de teste 4884
Produto 4885,4985,10,Cat5,A0,05,05,Item de teste 4885
Produto 4886,4986,10,Cat6,A1,06,06,Item de teste 4886
Produto 4887,4987,10,Cat7,A2,07,07,Item de teste 4887
Produto 4888,4988,10,Cat8,A3,08,08,Item de teste 4888
Produto 4889,4989,10,Cat9,A4,09,09,Item de teste 4889
Produto 4890,4990,10,Cat0,A0,10,00,Item de teste 4890
Produto 4891,4991,10,Cat1,A1,11,01,Item de teste 4891
Produto 4892,4992,10,Cat2,A2,12,02,Item de teste 4892
Produto 4893,4993,10,Cat3,A3,13,03,Item de teste 4893
Produto 4894,4994,10,Cat4,A4,14,04,Item de teste 4894
Produto 4895,4995,10,Cat5,A0,15,05,Item de teste 4895
Produto 4896,4996,10,Cat6,A1,16,06,Item de teste 4896
Produto 4897,4997,10,Cat7,A2,17,07,Item de teste 4897
Produto 4898,4998,10,Cat8,A3,18,08,Item de teste 4898
Produto 4899,4999,10,Cat9,A4,19,09,Item de teste 4899
Produto 4900,5000,10,Cat0,A0,00,00,Item de teste 4900
Produto 4901,5001,10,Cat1,A1,01,01,Item de teste 4901
Produto 4902,5002,10,Cat2,A2,02,02,Item de teste 4902
Produto 4903,5003,10,Cat3,A3,03,03,Item de teste 4903
Produto 4904,5004,10,Cat4,A4,04,04,Item de teste 4904
Produto 4905,5005,10,Cat5,A0,05,05,Item de teste 4905
Produto 4906,5006,10,Cat6,A1,06,06,Item de teste 4906
Produto 4907,5007,10,Cat7,A2,07,07,Item de teste 4907
Produto 4908,5008,10,Cat8,A3,08,08,Item de teste 4908
Produto 4909,5009,10,Cat9,A4,09,09,Item de teste 4909
Produto 4910,5010,10,Cat0,A0,10,00,Item de teste 4910
Produto 4911,5011,10,Cat1,A1,11,01,Item de teste 4911
Produto 4912,5012,10,Cat2,A2,12,02,Item de teste 4912
Produto 4913,5013,10,Cat3,A3,13,03,Item de teste 4913
Produto 4914,5014,10,Cat4,A4,14,04,Item de teste 4914
Produto 4915,5015,10,Cat5,A0,15,05,Item de teste 4915
Produto 4916,5016,10,Cat6,A1,16,06,Item de teste 4916
Produto 4917,5017,10,Cat7,A2,17,07,Item de teste 4917
Produto 4918,5018,10,Cat8,A3,18,08,Item de teste 4918
Produto 4919,5019,10,Cat9,A4,19,09,Item de teste 4919
Produto 4920,5020,10,Cat0,A0,00,00,Item de teste 4920
Produto 4921,5021,10,Cat1,A1,01,01,Item de teste 4921
Produto 4922,5022,10,Cat2,A2,02,02,Item de teste 4922
Produto 4923,5023,10,Cat3,A3,03,03,Item de teste 4923
Produto 4924,5024,10,Cat4,A4,04,04,Item de teste 4924
Produto 4925,5025,10,Cat5,A0,05,05,Item de teste 4925
Produto 4926,5026,10,Cat6,A1,06,06,Item de teste 4926
Produto 4927,5027,10,Cat7,A2,07,07,Item de teste 4927
Produto 4928,5028,10,Cat8,A3,08,08,Item de teste 4928
Produto 4929,5029,10,Cat9,A4,09,09,Item de teste 4929
Produto 4930,5030,10,Cat0,A0,10,00,Item de teste 4930
Produto 4931,5031,10,Cat1,A1,11,01,Item de teste 4931
Produto 4932,5032,10,Cat2,A2,12,02,Item de teste 4932
Produto 4933,5033,10,Cat3,A3,13,03,Item de teste 4933
Produto 4934,5034,10,Cat4,A4,14,04,Item de teste 4934
Produto 4935,5035,10,Cat5,A0,15,05,Item de teste 4935
Produto 4936,5036,10,Cat6,A1,16,06,Item de teste 4936
Produto 4937,5037,10,Cat7,A2,17,07,Item de teste 4937
Produto 4938,5038,10,Cat8,A3,18,08,Item de teste 4938
Produto 4939,5039,10,Cat9,A4,19,09,Item de teste 4939
Produto 4940,5040,10,Cat0,A0,00,00,Item de teste 4940
Produto 4941,5041,10,Cat1,A1,01,01,Item de teste 4941
Produto 4942,5042,10,Cat2,A2,02,02,Item de teste 4942
Produto 4943,5043,10,Cat3,A3,03,03,Item de teste 4943
Produto 4944,5044,10,Cat4,A4,04,04,Item de teste 4944
Produto 4945,5045,10,Cat5,A0,05,05,Item de teste 4945
Produto 4946,5046,10,Cat6,A1,06,06,Item de teste 4946
Produto 4947,5047,10,Cat7,A2,07,07,Item de teste 4947
Produto 4948,5048,10,Cat8,A3,08,08,Item de teste 4948
Produto 4949,5049,10,Cat9,A4,09,09,Item de teste 4949
Produto 4950,5050,10,Cat0,A0,10,00,Item de teste 4950
Produto 4951,5051,10,Cat1,A1,11,01,Item de teste 4951
Produto 4952,5052,10,Cat2,A2,12,02,Item de teste 4952
Produto 4953,5053,10,Cat3,A3,13,03,Item de teste 4953
Produto 4954,5054,10,Cat4,A4,14,04,Item de teste 4954
Produto 4955,5055,10,Cat5,A0,15,05,Item de teste 4955
Produto 4956,5056,10,Cat6,A1,16,06,Item de teste 4956
Produto 4957,5057,10,Cat7,A2,17,07,Item de teste 4957
Produto 4958,5058,10,Cat8,A3,18,08,Item de teste 4958
Produto 4959,5059,10,Cat9,A4,19,09,Item de teste 4959
Produto 4960,5060,10,Cat0,A0,00,00,Item de teste 4960
Produto 4961,5061,10,Cat1,A1,01,01,Item de teste 4961
Produto 4962,5062,10,Cat2,A2,02,02,Item de teste 4962
Produto 4963,5063,10,Cat3,A3,03,03,Item de teste 4963
Produto 4964,5064,10,Cat4,A4,04,04,Item de teste 4964
Produto 4965,5065,10,Cat5,A0,05,05,Item de teste 4965
Produto 4966,5066,10,Cat6,A1,06,06,Item de teste 4966
Produto 4967,5067,10,Cat7,A2,07,07,Item de teste 4967
Produto 4968,5068,10,Cat8,A3,08,08,Item de teste 4968
Produto 4969,5069,10,Cat9,A4,09,09,Item de teste 4969
Produto 4970,5070,10,Cat0,A0,10,00,Item de teste 4970
Produto 4971,5071,10,Cat1,A1,11,01,Item de teste 4971
Produto 4972,5072,10,Cat2,A2,12,02,Item de teste 4972
Produto 4973,5073,10,Cat3,A3,13,03,Item de teste 4973
Produto 4974,5074,10,Cat4,A4,14,04,Item de teste 4974
Produto 4975,5075,10,Cat5,A0,15,05,Item de teste 4975
Produto 4976,5076,10,Cat6,A1,16,06,Item de teste 4976
Produto 4977,5077,10,Cat7,A2,17,07,Item de teste 4977
Produto 4978,5078,10,Cat8,A3,18,08,Item de teste 4978
Produto 4979,5079,10,Cat9,A4,19,09,Item de teste 4979
Produto 4980,5080,10,Cat0,A0,00,00,Item de teste 4980
Produto 4981,5081,10,Cat1,A1,01,01,Item de teste 4981
Produto 4982,5082,10,Cat2,A2,02,02,Item de teste 4982
Produto 4983,5083,10,Cat3,A3,03,03,Item de teste 4983
Produto 4984,5084,10,Cat4,A4,04,04,Item de teste 4984
Produto 4985,5085,10,Cat5,A0,05,05,Item de teste 4985
Produto 4986,5086,10,Cat6,A1,06,06,Item de teste 4986
Produto 4987,5087,10,Cat7,A2,07,07,Item de teste 4987
Produto 4988,5088,10,Cat8,A3,08,08,Item de teste 4988
Produto 4989,5089,10,Cat9,A4,09,09,Item de teste 4989
Produto 4990,5090,10,Cat0,A0,10,00,Item de teste 4990
Produto 4991,5091,10,Cat1,A1,11,01,Item de teste 4991
Produto 4992,5092,10,Cat2,A2,12,02,Item de teste 4992
Produto 4993,5093,10,Cat3,A3,13,03,Item de teste 4993
Produto 4994,5094,10,Cat4,A4,14,04,Item de teste 4994
Produto 4995,5095,10,Cat5,A0,15,05,Item de teste 4995
Produto 4996,5096,10,Cat6,A1,16,06,Item de teste 4996
Produto 4997,5097,10,Cat7,A2,17,07,Item de teste 4997
Produto 4998,5098,10,Cat8,A3,18,08,Item de teste 4998
Produto 4999,5099,10,Cat9,A4,19,09,Item de teste 4999
Produto 5000,5100,10,Cat0,A0,00,00,Item de teste 5000
